Garage_Cars,Gr_Liv_Area,Year_Built,Total_Bsmt_SF,Fireplace_Qu_No_Fireplace,Year_Remod_Add,First_Flr_SF,Lot_Area,Longitude,Bsmt_Unf_SF
2,1567,1977,1567,0,1977,1567,9819,-93.599866,0
2,2362,1980,2002,0,1980,2362,12000,-93.645798,270
1,999,1962,999,1,2001,999,7758,-93.673889,411
1,960,1959,960,1,2000,960,6400,-93.665737,52
0,3395,1914,1440,1,1995,1440,10896,-93.650162,1184
2,1224,2009,612,1,2009,612,3951,-93.646316,612
2,1044,1976,960,0,1976,1044,6285,-93.6747048,456
2,1120,1961,1040,1,1961,1120,6970,-93.669559,108
3,1668,2002,1626,0,2002,1668,11248,-93.679805,567
2,912,1965,912,1,2008,912,8872,-93.6261431,317
2,1211,1962,864,0,2002,1211,9240,-93.675723,252
2,1539,1936,927,1,1950,1067,6120,-93.623645,927
2,1452,1999,691,1,1999,713,3735,-93.645482,241
3,1736,2008,1736,0,2008,1736,11578,-93.654437,1736
3,1922,2002,1922,0,2002,1922,11305,-93.646894,593
1,1440,1900,540,1,1950,889,5000,-93.615365,540
2,1492,2001,1492,0,2001,1492,11166,-93.688628,1468
0,1092,2007,1092,1,2008,1092,9278,-93.610145,1092
2,1456,2005,728,0,2006,728,8461,-93.684332,728
3,2018,2008,2002,0,2009,2018,13214,-93.652495,2002
0,2229,1912,755,1,1950,929,5520,-93.621635,755
2,1042,1965,1042,1,1965,1042,9200,-93.630023,548
3,2214,1999,1090,0,1999,1090,10566,-93.683718,170
2,1482,1954,954,0,1968,1482,16012,-93.661995,263
2,1482,1920,650,1,1988,832,9000,-93.610044,26
1,1248,1930,912,1,1950,912,9439,-93.6047622,588
3,1978,2007,1978,0,2007,1978,12633,-93.651703,338
1,884,1939,884,1,1950,884,6120,-93.623643,884
2,1500,2006,1489,0,2006,1500,8760,-93.688923,1453
2,1682,1970,1304,0,1970,1682,10400,-93.635095,1304
2,1308,1997,635,1,2006,646,10021,-93.690402,96
2,1200,1965,864,1,1998,1200,9230,-93.624612,203
1,1636,1919,818,0,1950,818,9399,-93.64644,818
2,1350,1964,1248,1,1964,1350,9020,-93.626171,288
2,1040,1949,0,1,1950,1040,7200,-93.608903,0
2,1501,1987,1501,0,1987,1501,4054,-93.63966,552
1,995,1925,960,1,1999,995,6120,-93.622565,960
2,1680,2004,840,1,2004,840,3515,-93.64614,840
2,1716,1996,880,0,1996,909,8750,-93.680782,880
0,914,2002,914,1,2002,914,8050,-93.671304,142
2,2267,1937,1005,0,1980,1262,12888,-93.655699,717
2,1720,2004,860,1,2004,860,11645,-93.685369,860
1,1182,1945,770,1,1950,885,9576,-93.608938,460
1,987,1970,483,1,1970,483,1869,-93.629462,162
2,1848,2000,975,0,2000,975,7379,-93.643556,491
2,1384,1997,384,0,1997,754,8872,-93.637189,384
1,1479,1926,624,0,1997,743,7000,-93.646619,200
2,1494,1998,1482,0,1998,1494,16196,-93.689449,39
2,1054,1963,936,1,1963,1054,8800,-93.625728,173
1,1440,1959,1248,1,1998,1440,9840,-93.617544,195
1,1150,1955,1078,1,1955,1150,9600,-93.623704,710
2,2495,1890,1313,0,1999,1313,10800,-93.6075521,1313
2,1646,2004,1594,0,2005,1646,3842,-93.615921,221
2,1382,1941,720,1,1950,854,12358,-93.622793,360
2,1964,1976,803,0,1976,1098,10480,-93.6341769,400
1,999,1962,925,1,1962,999,10205,-93.605839,141
2,1488,1952,0,0,2002,1488,12048,-93.666255,0
2,2158,1950,1202,0,2001,2158,12615,-93.663415,725
2,1128,1920,698,1,1950,698,7500,-93.615272,698
2,1294,2006,1286,0,2006,1294,6762,-93.691234,1286
2,2049,1996,1065,0,1997,1065,21533,-93.679147,1065
2,948,1952,948,1,1952,948,10950,-93.615622,507
2,1488,1968,1488,0,1968,1488,21579,-93.641849,675
2,1456,1976,855,0,1976,855,2280,-93.624748,289
2,2411,1970,1008,0,1970,1403,8000,-93.635094,93
0,990,1994,990,1,1995,990,8070,-93.692415,402
1,896,1961,882,1,1961,896,11622,-93.619756,270
2,1845,1992,1055,0,1992,1055,11218,-93.687694,1055
1,990,1994,990,1,1994,990,8775,-93.692069,495
2,2138,1898,849,1,1965,1075,8100,-93.613887,849
2,1558,1975,864,1,2001,1558,14330,-93.6844,180
2,2149,2003,1434,0,2003,1518,12822,-93.607252,83
3,2649,2001,1479,0,2002,1515,16900,-93.655587,404
2,1005,1955,1005,0,1955,1005,10434,-93.6124,1005
2,1208,2006,1187,1,2006,1208,6762,-93.691269,501
2,1138,1960,1138,0,1960,1138,15312,-93.666813,550
0,1120,2007,1120,1,2007,1120,8402,-93.610102,914
1,906,1937,348,1,1950,453,4882,-93.628236,228
1,951,1936,951,1,1950,951,8765,-93.626683,666
2,1306,2005,1306,0,2005,1306,5381,-93.649743,406
2,1524,2000,756,1,2000,768,2998,-93.645617,403
0,1248,1920,624,1,1950,624,5976,-93.609665,624
2,2093,1986,791,0,1991,1236,20544,-93.6391494,791
2,1584,1967,1584,1,1967,1584,8917,-93.619673,1584
1,936,1948,624,1,1950,624,6956,-93.661951,624
2,1539,1904,650,0,2002,958,10440,-93.615582,650
3,2822,2008,1734,0,2009,1734,13891,-93.657049,1734
2,1288,1996,1260,0,1996,1288,14963,-93.647655,474
2,1752,1988,559,1,2005,1080,12134,-93.6235954,132
2,1517,1929,792,0,1950,792,11435,-93.642431,792
2,1913,1928,896,0,1950,1172,7558,-93.646881,896
1,804,1940,788,0,1992,804,7200,-93.615446,278
1,1173,1901,592,1,1950,933,5680,-93.622147,592
2,1764,1997,928,1,1997,928,15426,-93.688372,107
2,864,1970,864,1,1970,864,7038,-93.627037,138
2,1489,1968,1489,0,1968,1489,9156,-93.634803,1489
2,1888,1966,1517,0,2002,1888,16492,-93.614244,557
1,498,1922,498,1,1955,498,8088,-93.659043,498
2,1505,1953,1505,0,1953,1505,12160,-93.625633,481
0,670,1945,370,1,1950,442,3500,-93.628654,226
2,1479,2003,1453,1,2003,1479,10665,-93.691469,440
2,1223,2005,600,1,2005,520,2544,-93.644891,600
2,1566,1924,816,1,1950,816,6000,-93.608833,816
1,1595,1940,940,0,2000,1192,8400,-93.651811,552
1,1344,1958,1024,0,1983,1344,9503,-93.624758,193
1,1152,1978,1152,1,1978,1152,10547,-93.657107,0
0,774,1931,544,1,2006,774,4270,-93.661542,0
3,1842,1981,1842,0,1987,1842,50271,-93.658237,32
1,958,1960,958,1,1998,958,12772,-93.623636,460
2,2184,2003,1068,0,2003,1068,12334,-93.686218,1068
2,1701,1975,1390,0,1981,1701,16647,-93.661983,0
2,1100,1996,1100,1,1996,1100,13015,-93.691873,1100
1,2057,1936,1017,0,1987,1020,11500,-93.641155,794
2,1200,2005,600,1,2005,520,3180,-93.644891,600
2,1416,1999,696,1,1999,696,2572,-93.645482,92
3,3140,2008,1926,0,2009,1966,13518,-93.652716,1926
2,1114,2003,1114,1,2004,1114,13695,-93.690364,300
1,1669,1924,1093,1,1950,1093,8707,-93.659222,1093
2,1512,2000,756,1,2000,756,2980,-93.645585,290
1,1228,1918,600,0,1990,628,7155,-93.644704,600
2,1953,1992,1580,0,1992,1079,53107,-93.679216,595
2,1779,1998,866,1,1998,866,10400,-93.690548,866
3,1856,2010,1856,0,2010,1856,11394,-93.628804,411
2,1844,1969,1844,0,1969,1844,16381,-93.643489,734
4,2790,2005,1620,0,2006,1632,12539,-93.656801,538
2,1761,2007,874,1,2007,874,10207,-93.64397,874
2,2157,1966,924,0,1966,1216,14200,-93.615629,479
2,1196,1920,684,1,2000,684,12354,-93.657963,684
2,1416,1918,816,1,2007,1416,25339,-93.660671,816
3,1656,2006,1656,1,2006,1656,11096,-93.643974,1632
3,2443,2004,1158,0,2004,1158,10625,-93.641233,1158
2,2622,1994,1463,0,1995,1500,12256,-93.653616,431
2,2048,2003,1054,0,2004,1072,8010,-93.639878,90
2,1340,2007,1340,1,2007,1340,8899,-93.644376,1316
3,2206,2005,1090,0,2006,1117,13975,-93.656864,1090
1,984,1965,984,1,1965,984,9308,-93.669553,430
2,1126,1977,1126,1,1977,1126,15611,-93.633168,266
2,1209,1966,1209,1,1966,1209,9900,-93.626939,150
2,1604,1998,926,0,1998,926,9978,-93.638925,324
2,1426,1977,690,1,1977,698,7950,-93.6755239,155
1,1717,1940,901,0,1950,1125,12400,-93.64048,299
0,1666,1931,894,0,1950,894,9839,-93.64678,894
1,894,1962,894,1,1962,894,6600,-93.603701,894
3,2624,1918,1370,0,1950,1370,22420,-93.644426,242
1,864,1965,864,0,1965,864,8281,-93.669707,0
2,914,1979,914,1,1979,914,6950,-93.687219,132
2,1376,1920,768,1,1950,752,8850,-93.625435,768
2,1620,1976,1281,0,1993,1620,9991,-93.65921,165
1,1026,1977,1026,1,2004,1026,15240,-93.68773,140
1,1461,1926,686,0,1991,686,7155,-93.644511,686
2,1327,1959,1063,1,2002,1327,7388,-93.62326,658
2,1778,2005,1573,0,2006,1778,5748,-93.616026,0
2,2132,1983,1496,0,2009,1496,12327,-93.685986,55
2,1324,2006,1324,0,2006,1324,6240,-93.6514105,1300
1,1696,1962,1140,0,1962,1696,13673,-93.669552,1140
1,894,1976,894,1,1976,894,10650,-93.687745,0
2,1232,1966,1232,1,1966,1232,9600,-93.626137,534
2,1191,1989,1191,0,1989,1191,3907,-93.645729,1115
0,334,1946,0,1,1950,334,5000,-93.629661,0
2,1632,1998,935,0,1998,955,9084,-93.639293,935
1,901,1954,901,1,2000,901,6000,-93.607724,901
0,1152,1955,0,1,1955,1152,6845,-93.665562,0
2,1969,1938,1272,0,1958,1272,6876,-93.627729,1272
2,1656,2003,746,0,2004,760,6931,-93.672408,746
2,833,1984,833,1,1984,833,12887,-93.6035354,36
2,1232,1984,1232,1,1984,1232,11120,-93.645713,572
2,1241,2006,1241,1,2007,1241,4274,-93.646576,135
2,1270,2005,1270,1,2006,1270,7242,-93.689884,1270
2,1872,1988,1845,0,1988,1872,10400,-93.635486,916
1,1510,1940,755,0,1950,755,9084,-93.659855,755
0,1964,1911,940,1,1950,1024,8525,-93.647024,940
2,1674,2000,814,1,2000,814,7500,-93.639366,281
2,1645,1971,715,1,1971,930,9600,-93.632554,386
1,1370,1956,1058,0,1956,1370,10000,-93.615882,99
1,1328,1925,686,1,1950,810,9906,-93.6195519,686
2,1621,1984,1208,1,1998,1621,14145,-93.638026,995
2,1491,2001,1491,1,2001,1491,9116,-93.603671,1491
1,935,1930,742,1,1960,779,9100,-93.625728,742
2,1045,1962,1045,1,1962,1045,7400,-93.604687,236
1,1928,1910,1020,1,1950,908,9142,-93.618293,1020
1,1194,1959,1194,1,1959,1194,8760,-93.616582,1194
2,2094,2003,912,0,2004,912,9375,-93.641746,912
2,1740,1981,1740,1,1981,1740,15417,-93.648057,1619
1,892,1966,864,1,2008,892,7800,-93.677992,150
3,2599,1999,1393,0,1999,1422,14774,-93.651381,1393
2,1992,1996,860,0,2002,1212,15295,-93.6800822,98
0,1355,1940,644,1,1999,808,10106,-93.658395,112
2,1166,2005,856,1,2005,1166,9587,-93.643964,201
3,2063,1994,2024,0,1995,2063,10750,-93.655988,262
2,1040,1936,528,1,1980,548,6240,-93.623483,252
1,1472,1925,702,1,1994,842,9600,-93.617061,702
1,1844,1900,709,0,1954,1157,4800,-93.617014,661
0,864,1922,864,1,1950,864,4060,-93.659191,864
2,1792,2001,963,0,2001,963,12435,-93.689101,602
3,1717,1915,756,0,1970,961,9550,-93.644307,540
0,1728,1962,1728,1,2001,1728,13260,-93.622904,228
2,1610,1977,1610,0,2001,1610,10603,-93.637463,410
2,2202,1992,1105,0,1993,1105,11762,-93.652946,770
2,925,1965,912,1,2005,925,8125,-93.624762,196
1,836,1976,836,1,1976,836,2104,-93.625707,300
2,1252,1999,600,1,2000,624,2160,-93.643746,90
1,912,1966,912,1,1966,912,8169,-93.668544,261
2,1988,1966,1104,0,1999,1104,14670,-93.615614,529
1,924,1952,924,1,1952,924,15783,-93.6197518,632
2,1648,2007,1596,0,2008,1648,3843,-93.6165709,120
2,1573,2000,756,1,2000,769,2117,-93.645639,339
3,2020,2009,2006,0,2009,2020,12220,-93.654567,570
1,2315,1950,1168,0,1963,1278,15600,-93.639622,408
2,1823,2000,928,1,2001,928,12192,-93.688958,265
2,1498,1995,691,0,1996,691,13031,-93.637566,99
2,1564,1980,650,0,1981,888,8400,-93.685029,650
1,864,1959,864,1,1959,864,8125,-93.622465,461
3,1652,1970,1652,1,1970,1652,11836,-93.601089,1503
2,1628,1996,384,0,1997,958,8400,-93.6364,100
2,1422,2005,704,0,2006,704,11646,-93.689081,704
0,1440,1977,1440,1,1977,1440,7711,-93.6644275,0
2,1500,2005,750,1,2006,750,8846,-93.683435,750
1,968,1927,656,1,2007,968,10800,-93.612418,656
2,1214,1965,1214,1,1965,1214,9170,-93.6783521,420
3,1630,2008,1622,0,2008,1630,10226,-93.688993,1622
2,1652,2000,1494,1,2000,1652,5330,-93.634341,298
2,981,1971,981,1,1971,981,10530,-93.626331,664
2,1790,1999,873,1,1999,882,9179,-93.690113,240
0,1152,1955,0,1,1955,1152,6040,-93.665043,0
2,1419,2002,1487,1,2002,1419,8773,-93.624411,536
3,1466,2007,1466,1,2007,1466,8925,-93.650453,1450
2,1252,1960,1602,0,1975,1252,13500,-93.666979,93
3,1576,2004,1393,0,2004,1576,3940,-93.640958,306
1,540,1941,480,1,1950,540,8154,-93.629496,0
0,630,1970,630,1,1970,630,1470,-93.603181,108
1,1740,1940,800,0,1984,960,13125,-93.6440062,390
1,1183,1948,649,1,2002,679,6000,-93.608868,318
2,1656,1973,1656,1,1973,1656,9246,-93.6304229,1656
2,1294,1991,1278,1,1991,1294,7153,-93.687831,78
3,1646,2007,1638,0,2008,1646,9520,-93.653025,125
2,1928,2003,847,0,2004,847,8200,-93.687684,847
2,1610,1972,1124,0,1987,1610,11358,-93.631554,778
3,1530,2007,1530,0,2008,1530,12606,-93.648275,1530
3,2172,2000,1519,0,2000,1533,11000,-93.650932,1519
2,1381,1972,1161,0,2006,1381,9360,-93.631435,179
1,1666,1925,588,0,1996,833,5100,-93.621065,588
2,1044,1952,540,1,1952,1044,8712,-93.608271,540
3,1830,2006,1302,1,2006,1302,8778,-93.642275,1302
2,1342,1967,1372,0,1967,1342,9790,-93.625775,491
1,894,1977,894,1,1977,894,6285,-93.677007,405
2,1430,2004,1430,1,2005,1430,10114,-93.608372,1430
2,1269,2004,1256,0,2005,1269,3182,-93.642252,1232
2,848,2004,848,1,2004,848,4426,-93.6837,186
2,1280,1992,1280,1,1992,1280,5070,-93.633797,1280
2,1671,1929,1022,0,1950,1122,8170,-93.642319,496
3,1282,1978,995,1,1978,1282,10385,-93.687158,0
1,1128,1966,1080,0,2008,1128,11380,-93.618221,136
1,672,1940,672,1,1997,672,10200,-93.660673,672
2,1960,1952,960,1,1952,960,7596,-93.620216,960
2,2452,1998,1028,0,1999,1210,16226,-93.683813,747
3,2668,2003,1572,0,2004,1572,13688,-93.65572,556
1,992,1970,530,1,1970,530,1533,-93.601862,27
2,2480,1940,920,0,1950,1240,8145,-93.6439975,674
1,1605,1915,840,1,1950,840,5790,-93.614002,840
2,1646,2004,1594,0,2005,1646,3811,-93.615985,120
2,1494,2002,1494,0,2002,1494,12803,-93.691706,572
2,720,1928,624,1,2003,720,8520,-93.606789,624
1,1453,1942,835,0,1950,955,6360,-93.623523,316
3,1537,2006,1518,1,2007,1537,11563,-93.653122,482
2,1456,2007,728,0,2007,728,9018,-93.645732,728
1,988,1958,988,1,1958,988,13587,-93.61722,456
3,2826,1992,1334,0,1993,1520,11025,-93.653512,216
2,1179,1960,1179,1,1960,1179,8240,-93.671453,1179
2,1287,1977,957,0,1977,1287,9360,-93.604491,0
2,1638,1998,943,0,1998,943,9042,-93.638778,115
1,1163,1955,1162,1,2005,1163,5820,-93.607744,906
3,1629,2003,3206,0,2004,1629,10655,-93.6541267,1603
1,1367,1931,884,0,1950,959,6240,-93.622402,459
1,1062,1954,1062,1,1954,1062,8128,-93.618549,572
2,1301,1924,1145,1,1950,1301,6911,-93.624689,740
2,1548,1976,804,0,1976,804,2308,-93.624575,248
2,1314,2006,1314,0,2006,1314,9317,-93.688931,1290
1,1651,1963,725,0,1999,1035,10090,-93.607117,0
2,1464,1968,732,1,1968,732,8814,-93.6264356,0
2,1122,1948,924,1,2005,1122,12000,-93.60887,172
2,864,1955,864,1,1955,864,8172,-93.663455,182
2,864,1972,864,1,1972,864,12735,-93.624265,264
2,1083,1976,1047,0,1976,1083,9927,-93.635367,42
2,1232,1916,816,0,2000,1232,8574,-93.646655,816
1,1117,1963,1117,1,1963,1117,7590,-93.603702,1117
1,1657,1920,1147,0,1980,1147,5520,-93.61852,863
2,2075,1993,1148,0,1993,1091,10530,-93.63687,329
2,1218,2009,1218,1,2010,1218,9215,-93.649976,1218
1,1144,1961,864,0,1983,1144,10000,-93.673518,270
2,996,1992,936,1,1992,996,9069,-93.6801568,189
2,768,1930,768,1,1950,768,6291,-93.6259506,768
0,672,1925,432,1,1950,672,8534,-93.628298,432
1,925,1965,925,1,1965,925,9100,-93.624612,121
1,1214,1901,969,1,1950,969,5680,-93.6220032,969
2,2290,1885,777,1,1950,1246,11340,-93.608752,777
3,1914,2004,1420,0,2004,1426,13215,-93.6534099,426
2,2814,1995,1077,0,2002,1093,9771,-93.683302,298
2,1570,1958,1395,0,1958,1570,13200,-93.613222,437
1,987,1972,483,1,1972,483,1890,-93.627114,0
1,1136,1965,1136,0,1965,1136,9200,-93.629884,244
2,1362,2005,1362,0,2006,1362,7577,-93.649838,1342
2,1429,1960,1144,0,1987,1429,14585,-93.624484,331
1,2372,1892,994,1,1965,1378,6600,-93.618486,994
1,988,1973,526,1,2006,526,1974,-93.603601,25
1,948,1968,948,1,1968,948,8978,-93.677778,948
2,1262,1976,1262,0,1976,1262,9600,-93.645544,284
2,1048,1950,0,1,1950,1048,7200,-93.608909,0
2,1347,1957,1347,1,1957,1347,5805,-93.6179112,0
2,2377,1915,1313,0,1950,1313,10410,-93.614049,1313
2,1384,1956,1015,1,2001,1384,13300,-93.612263,521
1,1043,1947,938,0,1950,1043,9724,-93.621399,938
2,1310,2005,1310,0,2005,1310,8767,-93.683758,1286
2,2125,1996,1064,0,1997,1064,10990,-93.655279,213
1,845,1939,0,1,1950,640,11067,-93.628222,0
2,1915,1992,908,0,1992,927,10041,-93.68216,119
2,1218,2009,1218,1,2009,1218,7862,-93.65044,1191
2,1654,1977,0,1,1977,1286,8927,-93.677123,0
2,1414,2004,707,0,2004,707,9056,-93.6436049,707
3,1512,2004,1512,1,2004,1512,10141,-93.691506,222
2,1390,2003,1390,1,2003,1390,8810,-93.687684,390
2,1891,1978,1224,0,1978,1287,18837,-93.637531,491
2,1368,2005,1368,0,2006,1368,6792,-93.649525,1368
2,1428,2007,1428,1,2008,1428,11639,-93.648255,1428
2,2177,1950,1032,1,1991,1102,15600,-93.639781,657
1,1092,1970,546,1,1970,546,2217,-93.60176,0
2,1250,2006,625,1,2007,625,4017,-93.646063,625
2,1322,1974,855,0,1974,855,2308,-93.625918,103
2,2136,1951,2136,1,1951,2136,10680,-93.622645,1380
1,902,1967,876,1,1967,902,6173,-93.671941,277
2,941,1978,941,1,1978,941,8604,-93.604047,0
2,1640,1950,0,0,1950,1640,21370,-93.65815,0
1,720,1900,448,1,1998,448,7008,-93.612239,448
3,2448,1994,1629,0,2005,1686,46589,-93.650529,88
2,2448,1962,1438,0,1998,1900,18275,-93.60674,802
2,1592,1994,1556,0,1995,1592,11927,-93.679583,683
2,1879,1993,1079,0,1994,1079,10560,-93.682025,605
2,2263,1977,795,0,1994,1468,16659,-93.6326645,0
1,1077,1920,961,1,1950,1077,8967,-93.628236,961
2,1536,2005,768,0,2006,768,10237,-93.646429,768
1,1054,1947,1046,1,1993,1054,9488,-93.658159,1046
1,1374,1964,1130,0,1964,1374,11382,-93.6276375,533
1,972,1955,972,1,1955,972,10895,-93.617092,324
3,2042,2006,1742,0,2007,2042,13870,-93.628723,590
0,1096,1924,572,1,1950,572,9600,-93.658528,572
2,1229,1980,561,0,1980,561,1612,-93.645743,561
2,1069,1977,1069,1,1977,1069,4043,-93.627234,510
1,1788,1957,1104,0,1989,1104,11250,-93.660877,1104
2,960,1926,850,1,1980,960,6978,-93.618969,850
2,1388,1968,1388,0,1968,1388,12000,-93.680401,535
2,2122,1996,913,0,1997,913,11492,-93.689136,276
2,1440,2003,1432,0,2003,1440,11202,-93.646726,403
3,1544,2009,1544,1,2010,1544,12883,-93.6528306,1544
2,894,1967,894,1,2003,894,9764,-93.677945,192
0,1522,1926,1008,1,1950,1008,6000,-93.648416,1008
2,1920,1930,960,0,1950,960,7804,-93.648411,0
2,2291,1910,1214,0,1998,1260,7200,-93.612191,168
3,2234,2008,2216,0,2009,2234,17423,-93.627751,312
2,1614,2005,1614,0,2005,1614,9316,-93.688934,1558
2,1135,1936,560,1,2007,575,7200,-93.6459433,0
2,1617,1993,1604,0,1994,1617,8012,-93.686428,598
2,1504,2007,752,1,2007,752,8229,-93.644374,752
2,1132,2005,1132,1,2005,1132,7024,-93.673251,108
2,1688,1997,616,1,1997,616,12798,-93.679198,154
1,789,1948,789,1,1950,789,6000,-93.608867,516
2,1337,1999,1405,0,1999,1337,5858,-93.624373,354
1,900,1967,864,0,1967,900,7838,-93.62895,95
2,1501,1993,697,0,1994,697,7685,-93.636949,179
4,1344,1997,1344,1,1998,1344,8940,-93.608267,35
2,1193,1972,1153,1,1972,1193,13110,-93.633752,191
1,1600,1951,0,1,1951,1600,31250,-93.610268,0
0,1864,1902,1020,1,2000,978,5852,-93.6217097,851
2,1338,1915,832,1,1950,846,7822,-93.659182,832
0,630,1972,630,1,1972,630,1491,-93.60359,0
3,1808,2008,1774,0,2008,1808,13514,-93.652084,632
2,1476,2005,738,1,2005,738,8633,-93.684536,545
3,2007,2008,1017,0,2008,1026,11003,-93.643001,252
2,1795,2002,1777,0,2002,1795,9742,-93.68786,1777
2,3672,1935,1836,0,1990,1836,19800,-93.660664,1411
3,2551,1997,1779,0,1998,1779,12191,-93.655711,598
1,1376,1905,738,1,1950,714,7614,-93.613905,738
2,1699,1900,978,1,1970,1014,10615,-93.62008,538
1,1040,1959,1040,1,1959,1040,7560,-93.606743,671
2,1440,1964,720,0,1964,720,9350,-93.6282949,360
2,1456,1978,855,0,1978,855,2280,-93.625848,544
2,1700,2003,1682,1,2003,1700,9135,-93.687826,1342
3,1258,2006,1258,0,2007,1258,3922,-93.641795,1258
3,1651,2007,1643,0,2007,1651,9178,-93.690342,1643
1,1750,1880,636,1,1991,1089,9000,-93.614011,636
2,1987,1994,1986,0,1994,1987,14303,-93.650996,672
1,1228,1966,1228,1,2006,1228,8544,-93.669465,1228
2,1266,2007,1266,0,2007,1266,3710,-93.642177,1266
1,1123,1939,732,1,1950,772,6060,-93.626875,732
1,1032,1935,0,0,1950,1032,8250,-93.6600396,0
1,1826,1915,910,0,2005,916,2500,-93.621504,611
2,1040,1950,0,1,1950,1040,7200,-93.608903,0
0,819,1919,610,1,1950,819,9000,-93.6275675,610
2,1056,1980,1056,1,1980,1056,6979,-93.6116762,0
1,986,1926,960,0,1950,986,6180,-93.6212119,960
1,1216,1920,565,0,1997,565,5520,-93.624688,497
2,1836,2004,1860,0,2005,1836,9100,-93.681895,1836
2,2087,1966,832,1,2007,976,12205,-93.6825099,264
1,1096,1975,1008,0,1975,1096,6305,-93.675268,480
3,1541,2001,1541,0,2002,1541,13704,-93.688577,1541
2,1458,1967,1176,0,1967,1458,9535,-93.674385,0
3,2385,2003,1317,0,2003,1217,14277,-93.65699,379
1,1107,1921,629,1,1975,727,9140,-93.626689,321
0,1464,1910,504,1,2002,764,9900,-93.615599,504
1,1097,1996,1097,1,1996,1097,16561,-93.692696,548
1,1422,1951,806,0,1951,1081,12375,-93.657017,477
1,1217,1980,626,0,1980,626,10762,-93.686263,626
1,1608,1925,976,0,1990,1160,6171,-93.648429,712
0,1140,2006,1140,1,2006,1140,17217,-93.607142,1140
1,1512,1925,798,0,1997,798,7609,-93.6447134,392
2,988,1962,988,1,1962,988,9100,-93.674167,952
2,2054,2000,992,0,2000,1022,12224,-93.641919,297
2,1694,1977,1694,0,2008,1694,14694,-93.645923,306
2,1792,2007,896,1,2007,896,8640,-93.650299,546
2,1796,1963,780,0,1963,983,7056,-93.604986,380
1,1192,1920,596,1,1950,596,6402,-93.625299,596
2,1536,2005,768,1,2005,768,9045,-93.683732,768
2,1350,1974,1064,0,1974,1350,10140,-93.631432,1064
2,1571,1993,799,0,1994,799,7837,-93.636955,799
2,1548,1925,952,1,2007,952,7264,-93.6279815,952
1,1560,1956,1150,0,1956,1560,11767,-93.664336,604
1,768,1955,768,0,1955,768,8172,-93.66346,224
2,846,1920,720,1,1950,846,10800,-93.612253,720
3,2076,2006,2076,0,2006,2076,13891,-93.6566537,690
1,1029,1961,1029,1,1961,1029,7943,-93.669741,126
2,2898,1976,1565,0,1976,2898,15498,-93.650229,0
3,1826,2005,1814,0,2006,1826,11302,-93.624062,392
2,1230,1910,440,1,1981,682,10440,-93.615583,440
1,882,1952,720,1,1952,882,11556,-93.617238,572
2,1861,2002,916,1,2002,920,13450,-93.68923,216
3,2365,1999,1252,0,1999,1268,9430,-93.65429,89
2,1222,2010,1222,1,2010,1222,7360,-93.692521,1198
2,1728,1956,1048,0,1956,1728,13495,-93.622476,222
2,1316,2005,1316,0,2006,1316,10237,-93.646459,1288
1,1363,1951,1008,0,2000,1363,14559,-93.617207,178
1,1700,1980,430,1,1981,880,1700,-93.674402,33
3,1611,2002,1569,1,2002,1611,11664,-93.687819,335
2,1596,2005,784,1,2005,784,9316,-93.688929,784
1,907,1978,907,1,1978,907,16269,-93.687212,282
2,864,1961,864,1,1961,864,8499,-93.674051,204
1,1050,1961,1050,1,1961,1050,10659,-93.623414,135
2,2090,1984,1190,0,1984,1190,5062,-93.632917,180
2,1218,2007,1218,1,2007,1218,9605,-93.69153,1218
1,1565,1965,1187,0,2000,1565,8800,-93.630156,34
1,1343,1921,731,0,1950,820,7681,-93.644295,731
3,4676,2007,3138,0,2008,3138,40094,-93.676241,878
0,605,1920,528,1,2002,605,9098,-93.66468,180
3,1916,1998,1049,0,1999,1036,11050,-93.604947,434
2,1335,2006,1335,1,2007,1335,9000,-93.65042,1335
2,1075,1963,981,1,1963,1075,11235,-93.675551,197
1,1435,1950,910,1,1950,910,8674,-93.6262716,0
2,1977,1964,816,0,1978,1127,9500,-93.625632,374
1,1143,1959,1143,1,1959,1143,8050,-93.617117,125
1,1582,1938,952,0,1950,994,6120,-93.621351,679
1,1955,1958,1151,1,1958,1151,9000,-93.625143,821
2,1302,1970,630,1,1970,630,2016,-93.629777,630
2,1548,1978,804,0,1978,804,2364,-93.625688,484
2,1061,1990,1054,1,1991,1061,10778,-93.684708,308
2,1524,1979,1332,0,1979,1332,23595,-93.667904,74
2,1200,2004,600,1,2005,600,3182,-93.644889,600
2,1692,2009,846,1,2009,846,13159,-93.651832,846
2,1664,1978,1664,1,1978,1664,8385,-93.606736,1664
1,1040,1966,1040,1,1966,1040,11677,-93.67369,30
1,1229,1956,1134,1,1956,1229,17140,-93.671177,75
1,1489,1940,778,0,1950,944,9900,-93.64857,778
3,1609,1932,637,0,1990,959,12320,-93.6416718,637
2,1512,2000,756,1,2000,756,2998,-93.64566,249
2,1326,2006,1326,1,2006,1326,11660,-93.644627,1326
1,924,1975,924,1,1975,924,7990,-93.684289,924
2,1877,1974,1084,0,1974,1084,8000,-93.632191,0
3,1876,2005,1308,1,2006,1308,11003,-93.689071,1308
2,1445,1900,676,1,1993,831,14235,-93.6801805,676
2,1708,2004,976,1,2004,976,3363,-93.669924,976
2,1840,2001,944,1,2001,944,12420,-93.689438,278
1,2210,1880,1008,1,1950,1178,9900,-93.617037,1008
3,1950,2007,1950,0,2007,1950,14418,-93.657889,575
2,1641,1972,1001,0,1972,1001,10759,-93.660522,0
1,1484,1910,771,1,1950,866,10320,-93.623814,771
0,2128,1922,1040,1,1950,1088,3000,-93.621633,1040
2,1690,2000,915,0,2000,940,9487,-93.641323,395
2,1657,1994,832,1,1995,832,14565,-93.689801,295
1,1475,1977,757,0,1977,925,2665,-93.603922,36
0,788,1941,788,0,1950,788,7446,-93.628478,522
2,1117,1977,1029,0,1977,1117,9638,-93.675294,541
3,2358,2005,1524,0,2006,1544,11643,-93.6531488,644
2,1320,2003,660,1,2003,660,7750,-93.643641,660
2,1224,2009,612,1,2009,612,3000,-93.646338,318
2,1199,1993,1199,1,1993,1199,7892,-93.686278,899
2,968,1923,968,1,2006,968,8520,-93.606789,968
2,864,1972,864,1,2000,864,7200,-93.683158,193
2,1514,2000,794,0,2000,819,8433,-93.641313,111
3,2470,2003,2535,0,2003,2470,12720,-93.656958,278
3,1511,1995,1401,0,1995,1511,11454,-93.681136,631
3,1468,2008,1468,0,2009,1468,9612,-93.644121,1468
2,1072,2005,547,1,2005,1072,3675,-93.670025,0
2,1846,2006,1836,0,2006,1846,13377,-93.689485,260
2,868,1971,768,1,1990,868,8425,-93.678149,20
3,1818,2007,895,0,2007,895,12568,-93.650597,226
1,1304,1976,264,0,1976,616,2665,-93.604649,264
4,2634,1969,1248,1,1969,1338,11643,-93.610649,748
2,1721,1994,928,1,1994,936,8462,-93.689026,114
1,780,1972,780,1,1972,780,7200,-93.683309,148
1,1112,1954,1112,0,1954,1112,9100,-93.639431,264
1,1566,1900,930,1,2003,930,9600,-93.616887,930
1,1015,1925,768,1,1950,1015,6120,-93.624553,279
1,720,1949,0,1,1950,720,6627,-93.628205,0
2,1456,2006,728,1,2006,728,15578,-93.645755,728
3,2039,1941,929,0,1963,2039,21299,-93.61547,929
1,1626,1954,988,1,1954,988,10512,-93.66712,497
2,1217,1991,1217,1,1991,1217,7175,-93.686267,939
2,1506,2005,1362,0,2005,1506,3013,-93.642116,1346
2,1644,1953,1416,0,1953,1644,9600,-93.623705,131
1,1244,1957,1244,0,1957,1244,11988,-93.613046,467
3,1795,2006,900,0,2006,909,10603,-93.64287,218
2,1525,2000,1525,1,2000,1525,9100,-93.692606,125
2,1837,1997,941,1,1998,941,8304,-93.689021,941
1,1056,1968,1056,0,1968,1056,8450,-93.628806,281
3,1636,2006,1623,0,2006,1636,13501,-93.642234,1560
2,1604,2006,1604,0,2006,1604,8814,-93.689071,270
2,1452,1964,1420,0,1980,1452,11235,-93.675559,635
2,1126,1949,0,1,2003,1126,8777,-93.678305,0
1,1393,1955,816,1,1955,872,16466,-93.66345,816
3,2596,2006,1249,1,2006,1249,16259,-93.658226,1249
2,1436,1910,676,1,2000,760,8777,-93.678267,166
2,1128,1964,1302,0,1964,1128,18160,-93.633329,752
2,848,2004,848,0,2004,848,4426,-93.683127,151
2,1525,2006,1510,0,2006,1525,10936,-93.643954,1510
1,914,1970,914,1,2002,914,7920,-93.626722,214
2,1575,1992,1575,1,1992,1575,8012,-93.686428,1145
1,1329,1958,1329,1,1958,1329,14267,-93.6193873,406
1,1644,1942,728,0,1995,888,9480,-93.620491,342
2,816,1963,816,1,1963,816,8472,-93.629495,0
3,1766,2008,1751,0,2008,1766,11778,-93.686789,598
2,990,1994,990,1,1995,990,8072,-93.6928668,244
2,2320,1948,0,0,1950,1547,14762,-93.6220148,0
2,1492,2006,738,1,2006,738,9073,-93.644306,738
0,1200,1987,1200,1,1988,1200,10800,-93.658207,0
2,1228,1988,1228,0,1989,1228,4671,-93.632013,461
3,1689,2007,1689,1,2007,1689,9849,-93.64248,1689
1,1616,1926,1149,1,2004,1149,5400,-93.608882,779
2,1516,1964,1516,1,1964,1516,10004,-93.629415,975
3,1866,2008,1858,0,2008,1866,10110,-93.654187,1486
2,1442,1990,910,0,1991,1442,10357,-93.684102,172
2,1374,2004,384,0,2004,744,11084,-93.643062,192
0,729,1935,270,1,2003,729,4130,-93.62936,270
3,3005,2004,1376,0,2005,1376,2880,-93.647765,1376
3,1746,2006,698,0,2007,698,9729,-93.644415,698
1,954,1938,920,0,1950,954,6305,-93.646416,920
2,1809,2005,945,1,2006,945,10984,-93.688786,945
2,1190,1962,1106,1,1962,1190,7728,-93.619334,303
2,1440,1981,1440,0,1981,1440,12546,-93.637875,762
2,1895,1994,712,0,1996,1086,10832,-93.636798,712
2,1250,1910,661,0,2003,661,5362,-93.646289,661
2,1180,1970,1180,1,1970,1180,7830,-93.626603,1180
1,938,1975,938,1,1980,938,9200,-93.685742,167
2,1524,1979,1524,0,1979,1524,20270,-93.67358,925
2,990,1995,990,1,1995,990,13568,-93.692005,274
3,2046,2005,1994,0,2006,2046,15431,-93.657967,564
0,1414,1922,864,0,1950,964,8248,-93.6567,864
2,1250,2006,625,1,2007,625,4251,-93.646478,625
1,1242,1960,1242,1,1960,1242,7903,-93.606782,503
3,2196,1990,2158,0,1991,2196,14684,-93.68341,1496
2,1632,1969,784,0,1969,784,10457,-93.600191,0
2,2730,1986,1502,0,1987,1553,10380,-93.68347,0
2,1537,1962,1319,0,2005,1537,8400,-93.6169916,1319
1,1624,1952,1444,0,1952,1624,10858,-93.624738,1404
2,1870,2001,944,1,2001,944,11250,-93.685673,944
1,1360,1969,1104,0,1979,1360,13384,-93.600439,641
2,1652,2006,1652,0,2007,1652,13173,-93.657483,80
2,1594,1993,1594,0,1993,1594,9547,-93.638051,1594
2,1402,2008,1402,1,2008,1402,8640,-93.650338,1402
1,1388,1977,675,1,1977,686,8340,-93.686825,166
3,2046,2008,2046,0,2008,2046,11844,-93.628639,2046
2,1116,1962,1116,1,1962,1116,10000,-93.605943,1116
2,1627,1900,797,1,2006,830,9142,-93.61844,797
1,988,1973,462,0,1973,526,1596,-93.604269,25
1,1041,1959,1041,1,1959,1041,9600,-93.624581,50
0,864,1914,864,1,1950,864,8248,-93.656735,823
1,1672,1940,981,0,1989,1014,6000,-93.623666,460
2,1801,1930,697,0,1959,1104,14210,-93.640612,697
2,1501,1999,744,0,1999,757,2280,-93.644107,179
1,1031,1952,1031,1,2005,1031,7626,-93.618605,100
2,2519,1989,1210,0,1990,1238,26178,-93.644527,245
3,1214,1915,672,1,1950,694,10410,-93.614049,672
3,1654,2002,1654,1,2002,1654,8125,-93.685571,668
1,1013,1926,992,1,1950,1013,5000,-93.622102,992
2,1491,1996,1491,0,1996,1491,7777,-93.646634,1491
1,1482,1925,672,1,1950,810,12155,-93.64856,516
2,2872,1992,1683,0,2000,2129,10678,-93.652658,983
2,1306,2005,1306,0,2005,1306,5122,-93.649723,425
2,1337,2003,1337,1,2003,1337,8450,-93.686903,638
2,2201,1966,697,0,1966,1575,19690,-93.663475,697
3,1962,2006,1391,1,2006,1391,8760,-93.688924,927
1,1461,1949,832,1,1996,832,10800,-93.609945,832
1,1022,1910,1022,1,2006,1022,7200,-93.6076506,310
2,2287,1953,1304,0,1953,1304,15593,-93.662039,701
1,1690,1916,815,0,1950,815,8850,-93.615337,815
1,1230,1946,747,1,1950,774,4712,-93.628568,363
2,2217,1970,2217,0,1970,2217,15865,-93.61728,1043
0,1406,1920,319,1,1950,1035,7920,-93.625289,319
1,1051,1966,1051,1,1966,1051,9759,-93.6269,252
2,1314,2007,1314,0,2008,1314,5001,-93.650244,410
2,1481,1994,702,0,1995,702,8125,-93.636822,702
3,2324,2005,1175,0,2006,1182,11924,-93.652334,177
2,1040,1950,0,1,1950,1040,8544,-93.609053,0
3,1968,2009,774,0,2010,774,12003,-93.649471,774
2,1830,1967,1865,0,1967,1830,20355,-93.668392,229
1,1450,1920,624,1,1965,730,5350,-93.620183,508
1,1040,1959,1040,1,2003,1040,7500,-93.605968,466
1,1183,1959,528,1,1959,1183,8000,-93.605968,0
1,948,1972,483,1,1972,483,1680,-93.629877,207
2,980,1977,980,1,1977,980,7064,-93.677008,420
2,2358,1908,907,0,1997,1307,45600,-93.663054,907
2,1126,1984,1060,1,1984,1126,7400,-93.671905,0
3,2270,1999,1152,0,2007,1164,11764,-93.650356,628
2,1786,2001,920,0,2002,920,11250,-93.68895,434
1,1150,1961,1150,1,1961,1150,7000,-93.606744,369
2,1240,1985,1265,1,1985,1240,10331,-93.646617,970
2,1323,1948,780,1,2005,948,9184,-93.62005,780
2,1510,1910,677,1,1950,833,9600,-93.617054,677
2,1004,1977,975,1,1977,1004,10530,-93.603173,0
2,1362,1993,796,1,1995,796,14115,-93.609453,64
2,2322,1999,1037,0,2000,1037,12460,-93.641342,167
2,1892,2000,982,0,2001,1008,8220,-93.642397,438
3,2520,2007,1508,0,2007,1508,23303,-93.656737,278
1,1108,1930,637,0,1950,1108,7449,-93.628301,637
1,1176,1957,1176,0,1957,1176,8856,-93.618634,503
2,2786,1993,1848,0,1994,1827,11025,-93.653232,1328
2,1419,2001,1419,0,2001,1419,4385,-93.646989,455
1,1055,1978,1061,1,1978,1055,2304,-93.625672,423
2,1995,2002,854,0,2002,864,8740,-93.64334,280
2,1040,1949,0,1,1950,1040,8544,-93.609053,0
2,848,2003,848,1,2003,848,4435,-93.681085,189
1,767,1998,723,1,1998,767,4058,-93.624798,0
3,3078,1998,1408,0,1998,1671,10557,-93.652641,736
1,1008,1956,1008,1,1956,1008,6860,-93.618404,100
1,1273,1910,616,1,1993,1055,11388,-93.655631,616
1,1424,1921,1228,0,1950,1424,7290,-93.651635,1228
1,952,1956,952,1,1956,952,8475,-93.622662,724
1,1073,1967,1073,1,1967,1073,9981,-93.674179,852
2,1680,1998,1650,0,1999,1680,10140,-93.632647,379
2,1839,1966,756,0,1966,1051,7700,-93.603705,756
2,1680,1995,1680,1,1996,1680,17871,-93.644923,1680
2,1982,1989,807,0,1989,1175,11287,-93.683226,386
2,1295,1978,1057,0,1998,1295,3840,-93.648172,0
2,1625,2006,1573,0,2007,1625,5568,-93.615697,0
2,1309,1974,1040,0,1999,1309,10140,-93.630289,0
2,1511,2002,1368,0,2002,1511,2938,-93.640227,330
2,1395,1972,723,0,1972,735,12936,-93.631519,130
3,1567,2006,1520,0,2006,1567,3982,-93.641518,366
3,1702,2007,1702,0,2007,1702,10130,-93.642579,408
2,1232,2007,1232,1,2007,1232,7314,-93.690111,508
1,2068,1922,1108,0,2005,1160,7793,-93.625825,634
2,1572,1995,806,0,1996,806,10364,-93.63736,806
1,1005,1956,1005,0,1956,1005,11050,-93.613491,517
2,1086,1966,1024,0,1966,1086,13400,-93.608984,380
3,2520,1995,1203,0,1995,1214,9950,-93.653708,638
1,912,1962,912,1,1962,912,7150,-93.669845,182
1,1017,1900,346,1,2003,709,9143,-93.618297,346
3,2758,2005,1704,0,2006,1722,13654,-93.657211,1704
0,816,1990,816,1,1990,816,11841,-93.673197,0
0,1140,1910,576,1,2004,792,8800,-93.617135,576
2,1675,1999,841,0,1999,892,24682,-93.641397,841
2,1178,1973,1176,0,2000,1178,10000,-93.631129,92
2,858,1982,858,1,1982,858,7252,-93.671849,173
2,883,1992,828,0,1993,883,7669,-93.602777,0
1,1288,1941,824,1,1950,824,6191,-93.647027,440
0,1588,1949,448,1,1992,1588,12205,-93.606802,448
2,1432,1977,716,0,1977,716,8286,-93.604524,185
1,1322,1939,672,1,1952,899,6240,-93.624539,624
2,1261,1958,1261,0,1958,1261,9120,-93.617543,599
1,899,1910,481,1,1950,899,6756,-93.615031,481
1,1111,1926,572,0,1950,572,5700,-93.6096482,572
1,1024,1965,1024,1,1965,1024,13052,-93.670919,312
1,641,1925,641,1,1950,641,7030,-93.629496,641
1,1092,1976,546,1,1976,546,1890,-93.603422,546
1,990,1994,990,1,1994,990,8428,-93.692286,570
2,1459,2002,1459,0,2002,1459,8749,-93.686795,1459
2,1080,2003,530,1,2003,530,2403,-93.645478,286
2,2620,1977,1361,0,1977,1361,18890,-93.6574973,652
3,1718,2006,1700,0,2007,1718,12456,-93.658877,528
3,2640,2006,2036,0,2006,2036,13162,-93.64407,200
2,1337,2001,1337,0,2001,1337,4113,-93.624798,1337
2,2044,1980,738,0,1988,1277,10400,-93.635153,738
0,1832,1967,1832,1,1967,1832,10773,-93.671021,1128
3,3086,1935,666,1,2007,1308,21281,-93.615616,666
2,1262,2006,1262,1,2006,1262,7200,-93.643173,357
1,987,1973,483,1,1973,483,1680,-93.628971,25
3,2172,2006,1063,0,2006,1071,14154,-93.654774,1063
1,1092,1973,546,1,1973,546,1974,-93.60359,212
2,1169,1993,1160,0,1994,1169,8076,-93.635716,455
2,1360,1955,384,0,1955,1360,7134,-93.612401,0
1,1024,1956,1008,0,1956,1024,10533,-93.618182,235
2,1181,1972,1138,1,1972,1181,10012,-93.671443,38
2,1739,1999,970,1,2000,983,2645,-93.641799,321
1,816,1982,816,1,1982,816,8314,-93.604146,270
2,1547,2009,756,1,2009,764,8640,-93.650318,732
2,1504,2005,1346,0,2006,1504,3182,-93.6424399,1330
2,1728,2007,1884,0,2007,1728,11449,-93.653218,873
2,1425,1998,1425,1,1998,1425,8685,-93.690363,579
2,1800,2007,1800,1,2007,1800,11923,-93.689072,1800
1,1551,1938,1058,1,1950,1058,10890,-93.651285,128
2,1258,1969,1198,1,1969,1258,12900,-93.666954,0
1,1930,1927,720,1,1950,1146,6876,-93.628299,198
2,1409,2002,1409,0,2002,1409,12864,-93.606933,17
2,1947,2004,991,0,2005,991,12552,-93.642773,769
1,919,1926,894,1,1998,919,7000,-93.628409,555
2,1620,1969,780,1,1969,780,10793,-93.63724,0
1,1242,1946,484,1,1950,1242,17808,-93.671511,484
1,984,1954,936,1,1954,984,6390,-93.607948,936
2,1092,1964,1092,1,1964,1092,8250,-93.6277098,305
1,1302,1964,1302,1,1991,1302,9350,-93.6279875,452
1,864,1972,864,1,1972,864,7200,-93.682979,427
2,2050,1978,832,0,1978,1154,13250,-93.637774,832
1,1099,1995,1099,1,2006,1099,9525,-93.691213,1099
1,1302,1972,630,1,1972,630,1680,-93.629881,399
0,708,1940,420,1,1950,708,5330,-93.629499,140
2,1585,2005,784,1,2005,831,7632,-93.691247,784
0,1484,1914,742,0,2001,742,6300,-93.613845,742
2,1088,1986,1074,1,1986,1088,3696,-93.634513,1074
2,1548,2004,1365,0,2004,1548,3072,-93.6419,306
0,1534,1895,736,1,1999,751,10800,-93.6139,736
2,1495,2006,738,0,2006,738,8857,-93.644788,738
3,2490,2005,2458,0,2006,2490,11128,-93.641296,300
1,2264,1918,1100,1,1995,1100,7755,-93.6209132,1100
2,894,1974,864,1,1974,894,11800,-93.684962,201
2,1441,1978,855,0,1978,855,2289,-93.62569,544
3,1822,2005,1822,0,2006,1822,14122,-93.652336,1794
2,1470,1995,680,0,1996,680,8139,-93.637796,204
2,1573,1930,1078,0,1992,1128,6240,-93.622552,1078
1,1232,1939,600,0,1950,608,6000,-93.623521,324
2,2263,2001,1055,0,2002,1055,9240,-93.685572,1055
1,1784,1914,747,1,1950,892,13132,-93.646438,747
1,1162,1930,728,1,1950,728,6120,-93.624553,381
3,1713,2004,1713,0,2005,1713,9591,-93.654724,625
3,2402,2008,3094,0,2008,2402,15431,-93.657828,788
2,1072,2005,547,1,2006,1072,3675,-93.669952,0
0,1452,1920,736,1,2008,736,4456,-93.618648,736
2,1365,1970,765,1,1970,765,2368,-93.628119,0
3,1571,2007,1571,0,2007,1571,10991,-93.651732,1571
2,1008,1977,923,0,1977,1008,9129,-93.604644,0
1,492,1921,492,1,1950,492,7830,-93.610354,76
2,893,1949,845,1,2003,893,9600,-93.617191,625
2,832,1923,678,0,1970,832,9656,-93.606789,678
3,2153,2000,1440,0,2000,1476,11050,-93.682983,536
1,1442,1958,1442,1,1958,1442,9750,-93.615281,834
2,733,1952,0,1,1952,733,14584,-93.625217,0
2,1362,1920,611,1,1999,751,6155,-93.624591,611
2,1200,2005,600,1,2005,600,3180,-93.64489,210
1,1389,1946,651,0,1992,707,3378,-93.6176367,651
2,1636,1998,952,0,1999,952,7500,-93.639069,476
2,1733,1955,0,0,1955,1733,13680,-93.665996,0
1,1336,1920,637,1,1950,897,11040,-93.615307,0
2,1394,1963,1394,0,1963,1394,9500,-93.615686,785
3,1740,2006,1721,1,2006,1740,12228,-93.654774,1721
1,912,1964,912,1,1964,912,7800,-93.610501,0
2,1673,2000,1673,0,2000,1673,11354,-93.682805,261
2,1511,1997,802,0,1997,802,11207,-93.636373,88
1,1578,1941,806,0,1950,958,9490,-93.620494,238
2,1287,1959,1063,0,2006,1287,9830,-93.607275,733
1,672,1941,672,1,1950,672,9340,-93.66527,328
3,1800,2002,1800,0,2002,1800,14331,-93.646758,526
3,1494,2006,1494,0,2007,1494,10652,-93.691248,1494
2,1661,1998,1649,1,1998,1661,12137,-93.682686,1649
2,1400,1978,672,0,1978,672,7844,-93.672278,463
2,2167,1974,1192,0,2003,1516,17542,-93.661848,36
2,1400,1986,676,1,1986,698,10274,-93.685037,345
1,1639,1936,1064,1,1950,1166,10480,-93.646735,1064
3,1418,2010,1642,0,2010,1418,12853,-93.641253,610
2,1248,2005,1248,1,2006,1248,3010,-93.642261,1232
2,1382,1998,384,0,1998,751,8923,-93.63921,195
2,1625,1965,1625,1,1965,1625,9750,-93.6324549,1625
1,923,1984,876,1,1985,923,6951,-93.604761,218
2,2036,1965,2136,0,1965,2036,215245,-93.652119,80
2,1621,1975,1621,0,1975,1621,9373,-93.632915,120
2,1034,1978,450,0,1978,1034,7703,-93.672718,0
2,1208,2005,1208,1,2005,1208,7488,-93.689816,815
3,1977,2006,982,1,2006,982,9605,-93.643748,982
1,1224,1917,689,1,1950,725,10632,-93.658265,689
2,1767,1987,1064,0,1987,1064,5306,-93.631572,354
1,1477,1928,861,0,1950,877,6292,-93.648419,861
1,1224,1948,816,1,2004,816,8064,-93.61061,161
2,1086,1954,1086,1,2003,1086,10200,-93.618788,404
2,2640,1967,932,0,1997,1271,10400,-93.633163,932
1,912,1962,912,1,1962,912,12968,-93.675743,175
2,1224,1979,1086,0,1979,1224,7018,-93.6791403,0
2,1588,2007,725,1,2007,725,10411,-93.650279,725
2,1838,2007,1838,0,2008,1838,11422,-93.690364,479
2,894,1972,894,1,1972,894,7200,-93.683159,117
1,888,1961,920,1,1961,888,8700,-93.609148,728
2,1320,1948,768,1,1950,819,8064,-93.610604,453
1,1125,1976,1041,0,1976,1125,7200,-93.675248,410
2,1365,1971,765,1,1971,765,1920,-93.627242,294
1,691,1920,691,1,1950,691,5400,-93.613899,691
2,1229,1980,561,0,1980,561,1300,-93.645743,276
1,2526,1916,714,0,1950,1664,8520,-93.62033,0
2,1515,2004,789,0,2004,813,9024,-93.642641,789
2,1281,1925,1151,1,1993,845,10284,-93.615536,55
2,1540,1994,754,1,1994,754,9109,-93.687804,122
2,1690,2000,924,0,2000,948,8063,-93.642288,924
3,1970,2006,1085,0,2006,1120,11065,-93.643862,1085
0,800,1936,264,0,1950,800,6120,-93.623643,264
2,1604,1998,926,1,1998,926,9535,-93.638775,75
1,1302,1940,680,0,1998,798,6960,-93.660691,422
2,1820,1965,864,0,1988,902,13700,-93.6167,410
1,713,1930,713,1,2001,713,10410,-93.6143498,713
2,1382,2000,673,1,2000,673,2651,-93.645479,32
2,1665,2001,810,1,2001,810,8400,-93.631899,167
2,1338,2001,1338,1,2001,1338,4920,-93.633792,722
2,1414,2002,707,0,2002,707,7750,-93.643632,707
2,875,1972,385,1,2006,875,7200,-93.683169,0
1,1030,1972,494,1,1972,494,1890,-93.627103,212
3,1634,2006,1626,0,2006,1634,11428,-93.65331,1626
2,1609,1995,754,1,1995,754,8453,-93.689769,392
0,904,1922,683,1,1950,904,10020,-93.6601886,333
2,1811,1956,1073,0,2004,1811,14115,-93.642884,230
2,1430,1974,1430,0,1974,1430,19508,-93.66203,630
0,1355,1914,684,1,2006,773,6882,-93.6277573,684
1,1661,1955,992,0,1996,1661,9600,-93.623556,161
3,1717,2006,1709,0,2006,1717,11146,-93.653152,1709
3,1865,2000,992,0,2000,992,10316,-93.686189,257
2,1326,2005,1326,1,2005,1326,12216,-93.6443,408
2,1668,2003,840,1,2003,840,11317,-93.692052,840
1,789,1926,768,1,1950,789,10594,-93.646688,768
1,1458,1948,912,0,1950,912,17503,-93.620341,912
1,1374,1920,840,1,1950,840,5400,-93.61203,420
2,864,1950,864,1,2002,864,7200,-93.607963,317
2,1072,2005,547,1,2006,1072,3675,-93.669977,0
2,1141,2006,1141,1,2006,1141,7500,-93.692017,1087
1,1148,1959,1148,1,1959,1148,7931,-93.606786,0
0,1884,1907,707,1,1950,942,6449,-93.657573,634
0,1594,1910,828,1,1996,828,11426,-93.6189373,828
2,1395,1963,1395,0,1984,1395,9760,-93.604835,415
2,1944,1910,972,1,1950,972,10307,-93.6195025,339
2,1119,2004,835,1,2005,1119,16219,-93.644064,56
2,1427,1969,1427,1,1969,1427,11104,-93.6343272,599
1,1092,1970,546,1,1970,546,1533,-93.6019,138
1,1256,1959,1256,1,1959,1256,8000,-93.605971,292
1,926,1977,902,0,1977,926,9750,-93.604716,135
2,936,1996,920,1,1997,936,6710,-93.608192,0
2,1712,1959,1626,1,2005,1712,8393,-93.622312,1098
2,2422,1954,1288,0,1994,2422,12671,-93.66504,935
1,945,1973,945,0,1973,945,2394,-93.604318,30
2,2299,1999,938,0,2003,957,7500,-93.639068,938
0,1020,1918,1020,1,1950,1020,4761,-93.606869,1020
2,1756,1996,872,1,1997,888,9303,-93.646782,130
1,1014,1956,0,1,1956,1014,7785,-93.621336,0
2,1025,1976,1015,0,1976,1025,8660,-93.686678,513
2,1274,1991,624,1,1991,624,10475,-93.600582,166
2,1795,2005,879,1,2006,879,9316,-93.688917,879
2,1444,1976,1444,0,1976,1444,10400,-93.635216,1444
3,1500,2006,1356,0,2006,1500,4045,-93.641522,286
2,1600,1997,916,0,1997,916,8773,-93.636972,916
2,1246,1964,1246,0,1964,1246,12700,-93.616852,307
2,1882,1981,0,0,1981,964,8250,-93.683957,0
2,1299,1954,967,0,1995,1299,11375,-93.661983,231
2,1576,1923,1324,0,2004,1072,21384,-93.6289369,15
3,1542,2007,1542,0,2007,1542,11830,-93.643769,322
2,1496,2007,768,1,2007,768,15810,-93.646937,768
1,968,1956,0,1,1956,968,8626,-93.6041765,0
1,1113,1950,1113,0,2007,1113,9600,-93.622494,506
2,1297,1954,1297,0,1990,1297,8532,-93.618478,84
2,1416,1968,708,0,1968,708,11700,-93.635873,304
1,1509,1956,1509,0,1956,1509,9571,-93.667534,639
1,1360,1910,680,1,2003,680,4800,-93.61648,680
2,1902,1923,1100,1,1950,1226,6120,-93.620392,897
2,1737,1992,836,1,1992,844,8285,-93.687819,439
3,1560,1968,1560,1,1968,1560,8668,-93.619383,1560
2,2234,2006,2220,0,2006,2234,14082,-93.628754,662
2,1403,2000,1381,1,2000,1403,8098,-93.646643,129
2,1550,2006,1092,1,2007,1112,8125,-93.642474,280
3,2674,2007,2630,0,2007,2674,13693,-93.657835,342
2,1506,2005,1494,0,2006,1506,8251,-93.642197,716
0,1716,1912,780,1,2000,936,5687,-93.655851,570
2,1456,2005,728,0,2006,728,10237,-93.645841,728
2,1755,1999,840,0,1999,840,9468,-93.684421,201
1,1328,1959,1350,0,1959,1328,16905,-93.649757,383
1,1324,1936,672,1,1950,757,6000,-93.624564,0
2,1574,1976,796,0,1976,790,18800,-93.631515,84
3,2473,2006,1094,0,2006,1102,12292,-93.629174,889
2,1472,1991,384,0,1992,802,10784,-93.637299,384
2,1316,1926,750,1,1950,960,8550,-93.625285,750
1,914,1961,914,1,1961,914,17199,-93.6247461,600
3,1455,2003,1415,0,2003,1455,3940,-93.640176,342
2,2237,1980,712,0,2006,1375,9839,-93.644884,250
1,904,1926,884,1,2004,904,6000,-93.622443,884
2,1324,1965,1088,0,1965,1324,8658,-93.608909,445
2,1162,2007,1162,1,2007,1162,9260,-93.69124,1162
1,988,1950,876,1,1950,988,7200,-93.607957,246
1,1150,1959,1150,1,1959,1150,7945,-93.606893,465
0,2200,1900,1272,1,2003,1272,8777,-93.678304,188
2,1045,1980,516,0,1980,529,1782,-93.645743,186
1,1251,1938,827,1,2000,827,6900,-93.6090761,827
2,1040,1963,1064,1,1963,1040,25286,-93.605507,431
2,1842,2000,985,0,2000,985,8826,-93.689518,144
1,1154,1953,864,1,2006,1154,11556,-93.617242,456
2,1445,2004,1445,1,2004,1445,9750,-93.685207,1421
2,1824,1919,764,0,1950,1060,13515,-93.62576,764
0,1053,1938,585,1,2007,585,12180,-93.660115,585
1,1654,1930,297,0,1982,1001,4960,-93.625968,297
2,1036,1980,1036,0,1980,1036,3640,-93.649439,176
2,1760,1910,1077,0,1950,981,10818,-93.612266,1077
2,1040,1996,1040,1,1996,1040,12464,-93.691883,308
2,1422,1981,1422,0,1981,1422,12090,-93.637825,606
1,1889,1910,925,0,1950,964,10120,-93.622025,925
0,1092,1970,546,1,1970,546,1495,-93.601827,162
0,1092,1970,546,1,1970,546,1476,-93.603435,370
1,1216,1969,1216,1,1969,1216,9000,-93.632823,261
1,2320,1945,1028,0,2002,1436,7259,-93.642663,104
2,1229,1979,1094,0,1979,1229,7040,-93.6791456,0
2,1394,2003,384,0,2003,754,11950,-93.639977,384
0,1540,1905,572,1,2005,884,6000,-93.616998,572
2,2119,1972,689,0,1972,1378,10448,-93.631791,689
2,1894,2002,817,0,2003,824,11316,-93.647645,193
2,1728,1976,1728,1,1976,1728,9297,-93.603534,122
2,1869,1890,1088,1,1996,1188,8820,-93.608704,0
1,987,1972,483,1,1972,483,1680,-93.629456,79
2,1687,1948,747,0,1950,1687,57200,-93.657894,60
2,1644,1989,1518,0,1989,1644,12800,-93.685125,0
1,858,1971,858,1,1971,858,7340,-93.62805,536
2,1073,1957,1073,1,1980,1073,6565,-93.6150637,106
2,1663,1954,1364,0,1994,1663,53227,-93.666216,248
2,1118,1920,648,1,1950,734,4400,-93.614615,648
3,1689,2002,1568,0,2002,1689,13265,-93.607121,350
2,1279,1977,1196,0,1977,1279,10125,-93.604548,276
2,1408,2005,734,1,2006,734,7023,-93.67318,123
3,1582,2007,1582,1,2007,1582,12704,-93.654642,570
1,1148,1952,980,1,1952,1148,6420,-93.660187,219
1,840,1920,798,1,1950,840,5747,-93.606803,798
2,1728,1976,1728,1,1976,1728,12640,-93.6044746,396
2,1374,2004,384,0,2004,744,13300,-93.644076,58
3,1824,2006,1824,0,2007,1824,12633,-93.652429,1824
2,1660,2006,1660,0,2006,1660,10182,-93.641793,440
1,987,1973,483,1,1973,483,1680,-93.627396,229
1,1218,1973,672,1,1973,672,1890,-93.628656,316
1,922,1957,922,1,1957,922,9770,-93.613457,410
3,2184,2008,1104,0,2008,1130,11308,-93.652863,168
3,2122,2007,2108,0,2007,2122,14333,-93.654243,590
2,1456,2006,728,0,2006,728,11103,-93.689071,728
0,1396,1951,660,1,1951,1060,9000,-93.615024,660
1,988,1959,988,1,1998,988,9240,-93.616434,280
2,1993,1971,825,0,1971,1097,14803,-93.629155,409
1,2447,1919,804,0,1990,1699,9638,-93.646683,804
2,1086,1920,723,1,1950,723,11340,-93.608752,723
1,1387,1954,811,1,1954,811,6000,-93.607776,811
0,968,1910,600,1,1950,600,5925,-93.606841,600
1,1242,1935,583,0,1950,647,5707,-93.646555,583
2,1560,1958,1560,1,1958,1560,8078,-93.61848,1560
1,1558,1945,913,0,1950,1048,10930,-93.61076,333
2,1820,1993,864,1,1997,920,11613,-93.689767,384
3,1424,1969,1100,1,1990,1424,41600,-93.622874,53
1,936,1962,896,0,1962,936,6760,-93.604562,162
2,1775,1993,740,0,1993,1006,9317,-93.681063,227
2,1593,1992,808,0,1993,808,9636,-93.635753,808
2,864,1958,864,1,1958,864,9100,-93.623564,169
2,1389,1974,1389,0,1975,1389,10010,-93.60019,195
2,1768,2005,866,1,2005,866,9803,-93.643836,466
0,1027,1920,931,0,2006,1027,5400,-93.613969,931
1,1180,1922,700,0,1950,1180,11600,-93.643443,700
2,1358,2007,1350,0,2008,1358,10307,-93.650258,474
2,848,2004,848,0,2004,848,4435,-93.683728,186
2,1851,1964,822,0,1993,1020,9760,-93.604836,169
2,1349,2000,1349,1,2001,1349,8450,-93.688804,1349
2,1509,2003,783,0,2003,807,7875,-93.640211,783
2,2495,1993,1280,0,1993,1280,10791,-93.636879,143
2,1604,1958,1604,1,1958,1604,8267,-93.617693,1604
0,1092,1930,0,1,1950,372,5600,-93.626876,0
2,1720,1996,1720,0,1996,1720,10593,-93.654206,801
3,1464,2007,1485,1,2007,1464,15256,-93.64176,556
2,2784,1978,1392,0,1978,1392,16692,-93.637387,133
1,1635,1910,485,1,2003,1001,5310,-93.621562,485
2,1332,1990,1332,1,1991,1332,7175,-93.686267,1332
2,1434,1974,1434,0,1974,1434,10200,-93.619562,590
1,1497,1937,825,1,2000,825,6000,-93.621532,462
1,1304,1977,264,0,1977,616,2665,-93.604391,264
2,2236,1997,964,0,1997,993,13006,-93.637871,964
2,949,1924,949,0,2003,949,6000,-93.624566,949
1,923,1980,923,0,1980,923,8012,-93.686417,261
2,1752,2005,1752,0,2005,1752,7658,-93.654121,1296
2,788,1980,728,0,1980,788,4420,-93.649361,0
1,1090,1940,720,1,2006,760,6000,-93.627459,720
2,1490,2005,745,0,2006,745,8918,-93.64466,745
2,1394,2006,384,1,2007,754,9735,-93.649475,384
2,1200,2003,1176,1,2003,1200,10083,-93.691707,343
2,2704,1972,1952,0,1995,2000,13860,-93.615524,542
3,1868,2005,1868,0,2005,1868,14780,-93.657984,363
2,1337,1998,1405,1,1999,1337,4060,-93.624873,1139
2,1382,1963,1051,0,1979,1382,11235,-93.67555,504
3,2349,1993,1231,0,1993,1251,13143,-93.651773,0
1,1159,1968,1051,0,1968,1159,11553,-93.676455,378
1,1738,1935,1024,0,1950,1144,7010,-93.625926,849
1,882,1956,882,1,1956,882,13008,-93.6188955,318
3,1797,1957,1617,0,1957,1797,11765,-93.6192621,490
2,1683,1978,918,0,1978,918,11184,-93.672288,192
4,2787,2000,1168,0,2000,1168,11855,-93.679856,348
3,1698,2005,1698,0,2005,1698,11520,-93.65332,1588
2,1716,1962,858,0,1962,858,9247,-93.607422,539
1,1633,1948,1027,0,2009,1027,11851,-93.610466,247
2,1005,1964,1005,1,1964,1005,14299,-93.672207,348
2,1456,2005,728,0,2005,728,10928,-93.645752,728
3,3222,1990,1673,0,1990,1699,12376,-93.68329,203
3,1680,2009,1555,0,2009,1680,10933,-93.687067,534
2,1510,1967,1510,1,1967,1510,9680,-93.627536,500
2,747,1926,600,1,1953,747,5825,-93.629256,600
2,1625,1979,1625,0,1979,1625,23580,-93.599969,849
2,1500,2004,1500,1,2004,1500,8487,-93.686051,1480
2,1479,1972,725,1,2004,725,7472,-93.626565,99
3,1782,2004,1782,0,2005,1782,16870,-93.658854,251
1,918,1975,852,1,1975,918,8750,-93.60104,98
2,1971,2005,1113,0,2005,1113,9675,-93.641251,772
2,1200,2004,600,1,2005,600,2544,-93.644889,190
2,1293,1954,1178,1,1954,1293,11027,-93.618462,171
1,941,1967,912,0,1967,941,8789,-93.671926,253
2,2294,1963,741,0,1963,1497,13200,-93.629496,366
3,1200,1964,1200,1,1964,1200,14137,-93.606374,88
2,1492,2006,738,1,2006,738,10237,-93.645774,738
1,672,1940,672,1,2005,672,5400,-93.612269,672
2,951,1958,951,1,2007,951,8010,-93.608196,206
2,2646,1974,1748,0,1974,2151,14330,-93.660643,228
2,1292,1964,1292,0,1964,1292,10500,-93.6273127,294
2,1370,2006,1370,0,2006,1370,6442,-93.649291,1346
1,1092,1973,525,1,1973,525,2205,-93.629747,213
1,1324,1930,741,1,1984,741,6120,-93.622415,741
1,1364,1957,1179,0,1957,1364,8400,-93.618625,556
1,1564,1941,704,0,1950,860,12000,-93.642945,429
2,1958,1946,979,1,1950,979,7136,-93.6435257,495
0,796,1910,796,1,1950,796,8777,-93.678303,796
2,1829,1967,1829,1,1967,1829,10456,-93.633351,1323
2,1800,2000,982,0,2000,1007,8123,-93.641377,982
2,1694,2004,1686,0,2005,1694,10084,-93.641251,317
1,1050,1956,1050,1,1956,1050,9600,-93.624612,546
1,816,1925,816,1,1950,816,11672,-93.62577,816
4,2787,2000,1168,0,2000,1168,7976,-93.679181,348
1,884,1951,884,1,1991,884,15428,-93.615474,143
2,1370,1976,1090,0,1976,1370,10400,-93.634694,1090
1,793,1945,793,1,1950,793,8480,-93.6167912,93
1,1200,1923,1200,1,1950,1200,11340,-93.608901,1200
3,1884,2004,1884,0,2004,1884,15401,-93.627911,547
1,864,1959,864,1,1959,864,7332,-93.608422,450
2,1557,1999,1557,0,2000,1557,4109,-93.647047,416
1,1063,1954,1056,1,1954,1063,9920,-93.62475,412
3,1958,2005,1026,0,2005,1026,10625,-93.640924,1026
1,1144,1959,1144,0,1959,1144,8163,-93.617499,102
2,1504,2006,1504,1,2006,1504,10936,-93.643811,1504
2,1283,1962,931,1,1980,1283,7763,-93.619022,319
2,1788,2001,1753,0,2001,1788,11838,-93.68269,1753
2,1920,1968,570,0,1992,1222,10192,-93.6346,570
2,965,1996,870,1,1996,965,11105,-93.69188,0
2,1679,1994,1408,0,1998,1679,8125,-93.688981,270
2,1495,1948,864,1,1994,1064,8064,-93.610605,744
1,640,1945,0,1,2007,640,8777,-93.6783313,0
2,2267,2002,1010,0,2002,1010,8068,-93.643312,1010
2,1392,1968,1392,0,1968,1392,13560,-93.614216,1392
2,1456,2005,728,1,2005,728,8029,-93.641771,728
0,1601,1925,936,1,2003,936,7288,-93.597005,936
2,1501,1986,1277,0,1986,1501,4084,-93.639793,384
2,1700,1959,1398,0,1959,1700,10552,-93.6177041,380
2,2233,1979,0,1,1979,1100,9555,-93.674327,0
2,1611,1964,780,1,1964,798,9760,-93.604837,0
2,1412,2006,616,0,2007,616,8499,-93.644375,616
3,3447,1935,728,0,1997,1968,14100,-93.642597,536
1,825,1954,825,1,1954,825,7200,-93.607801,825
1,1475,1976,550,0,1976,925,2665,-93.604184,232
2,1384,1996,1348,1,1997,1384,14137,-93.636718,898
3,2612,1998,1225,0,1999,1276,12203,-93.65238,371
1,1092,1972,546,1,1972,546,1504,-93.603546,294
2,1786,1997,824,1,1997,905,9337,-93.690633,176
2,2314,2003,1150,0,2005,1164,11060,-93.671612,1150
2,1646,2004,1594,0,2005,1646,3811,-93.615993,221
2,1588,1959,0,0,1959,1120,17120,-93.657031,0
2,1478,1998,1418,1,1998,1478,7380,-93.633547,1077
1,1526,1957,1216,0,2002,1526,8562,-93.661944,833
3,2799,1993,1286,0,1993,1565,12585,-93.653479,0
1,899,1967,864,1,2004,899,7800,-93.677991,414
2,803,1941,720,1,1950,803,5000,-93.596569,604
3,1468,2008,1468,0,2008,1468,9178,-93.690266,1468
2,1040,1977,1040,1,1977,1040,8982,-93.687734,501
2,1730,1992,816,1,1992,833,7703,-93.687843,400
2,1737,2006,851,1,2006,851,8581,-93.684089,851
2,1392,2007,689,1,2007,703,3180,-93.644891,689
2,1471,1999,729,1,1999,742,3230,-93.644205,348
1,1252,1950,1032,1,1950,1032,9600,-93.622644,752
2,876,1951,876,0,1951,876,7200,-93.607957,444
0,1526,1915,1013,1,1982,1013,8470,-93.616895,1013
2,1285,1977,1243,0,1977,1285,9620,-93.602823,564
2,3820,1959,0,0,1996,3820,47007,-93.675582,0
1,1203,1950,709,0,1950,979,7015,-93.62919,524
3,2544,1969,1248,1,1969,1248,9671,-93.610355,1248
2,1414,2004,1414,1,2004,1414,8773,-93.685961,1390
2,1352,2006,1352,0,2007,1352,3606,-93.646637,415
1,1652,1915,686,1,1950,966,10800,-93.610588,0
2,1691,1967,1680,1,1967,1691,9900,-93.62568,507
2,1164,1969,1164,1,1969,1164,9600,-93.633098,1164
2,1400,2005,1400,1,2006,1400,11024,-93.691403,1400
2,1811,2002,972,0,2002,972,8470,-93.639366,471
2,1009,1977,995,0,1977,1009,9720,-93.6874333,240
3,2225,1992,1390,0,1993,1402,11134,-93.652773,261
1,1053,1959,1053,1,2006,1053,10007,-93.623267,247
2,1768,2007,866,1,2007,866,10769,-93.690971,846
2,1080,2003,530,1,2003,530,4447,-93.645478,530
1,1487,1945,735,0,1950,798,8741,-93.664841,641
1,1236,1957,1070,0,1996,1236,10011,-93.612462,710
2,1073,1965,1073,1,1965,1073,10289,-93.625898,237
2,2279,1958,585,0,1995,2279,19958,-93.6494462,585
3,2296,2008,1722,0,2008,1728,13478,-93.658224,384
2,1489,2006,1489,0,2006,1489,11216,-93.643898,1489
0,864,1925,864,1,1950,864,5604,-93.656681,396
1,1057,1953,1057,1,2007,1057,7922,-93.618428,326
1,948,1954,864,1,1954,948,10215,-93.663509,372
2,1173,1974,1053,0,1974,1173,10625,-93.636372,0
2,1742,1985,1742,0,1985,1742,6563,-93.632571,594
3,2004,2002,870,0,2002,878,12891,-93.642932,219
1,1368,1950,1078,1,1950,1368,11767,-93.664685,0
3,1614,2005,1614,1,2006,1614,11210,-93.688937,1594
2,1352,1939,676,1,2006,676,10800,-93.61239,676
1,1118,1960,1118,1,2000,1118,11332,-93.622076,590
2,1734,1962,912,0,1981,1085,9786,-93.60942,312
0,1040,1978,1040,1,1978,1040,8430,-93.686916,424
2,1285,1926,861,1,1950,861,7000,-93.62841,487
2,848,2004,848,0,2004,848,4438,-93.681436,186
2,1866,1958,1866,1,1958,1866,9482,-93.6165473,1866
2,2016,1880,0,0,2007,1288,26400,-93.679789,0
3,2520,1993,1338,0,1993,1352,14541,-93.652348,326
2,1803,1994,1679,0,1995,1803,9892,-93.600006,54
2,1958,1994,779,0,2001,1029,9317,-93.681061,282
1,1081,1960,1081,1,1993,1081,12929,-93.607174,384
1,1109,1971,372,1,2005,576,10500,-93.627736,23
1,1465,1939,992,0,1950,992,10164,-93.648415,346
2,1991,1932,854,0,1950,1096,11275,-93.6428531,0
2,1630,1953,1073,0,1953,1630,22692,-93.671221,486
1,1236,1961,912,0,1994,1236,6993,-93.669757,447
1,1330,1910,396,1,2004,665,7518,-93.626631,396
2,1072,2005,547,1,2005,1072,3675,-93.670627,88
2,1476,2007,738,1,2007,738,8145,-93.684118,738
2,1959,2004,847,0,2005,847,11796,-93.643961,847
2,1363,1954,1385,0,2005,1363,39104,-93.666066,96
2,1651,1986,1606,0,1986,1651,12416,-93.646054,0
2,1468,2005,1468,0,2005,1468,10440,-93.642224,54
1,1134,1940,756,1,1950,756,8160,-93.657089,444
0,1792,1974,896,1,1974,896,9000,-93.625856,896
0,1800,1961,1800,1,1961,1800,8000,-93.606746,1800
3,1618,2004,1618,0,2004,1618,16163,-93.657991,1618
1,1426,1918,912,0,1998,912,7642,-93.6447083,912
2,1112,1951,631,1,1951,1112,13070,-93.617219,323
2,1969,1977,808,0,1977,1161,11952,-93.633973,808
2,1488,2004,1488,0,2005,1488,4835,-93.647988,190
1,1032,1924,1032,1,1950,1032,7741,-93.618334,817
2,1295,1968,1295,1,1968,1295,11700,-93.635899,385
1,912,1963,912,1,1995,912,7791,-93.669538,288
3,2000,2004,2000,1,2005,2000,10386,-93.687856,536
2,1383,1954,0,1,1954,1383,15635,-93.665994,0
1,988,1966,988,1,1966,988,7150,-93.6257971,263
2,1839,1957,1477,0,2004,1839,14442,-93.642883,291
4,1344,1997,1344,1,1998,1344,7060,-93.608343,35
2,1472,1959,0,0,1959,1472,11650,-93.605384,0
0,864,1975,864,1,1975,864,9350,-93.6650659,0
1,1216,1951,1056,1,1951,1216,9600,-93.623704,60
2,1221,2004,1221,1,2005,1221,7500,-93.643131,811
0,970,1992,912,1,1992,970,10441,-93.606847,575
2,1912,1905,482,0,2000,1221,10800,-93.612239,482
2,1187,1992,1168,1,1993,1187,9556,-93.637848,1168
1,1612,1950,988,1,1997,1030,5830,-93.625737,200
1,1855,1954,994,1,1972,1216,9525,-93.666095,550
1,894,1965,894,0,2009,894,8450,-93.670956,224
3,1602,2007,1578,0,2007,1602,10200,-93.684115,100
1,835,1920,458,1,1950,835,10625,-93.662762,350
2,1208,1977,1208,0,1977,1208,11250,-93.646065,441
1,965,1965,828,1,1965,965,7800,-93.681407,187
2,1299,1979,1001,0,1979,1299,12150,-93.606577,0
2,1308,1969,720,1,1969,720,9743,-93.637105,440
1,827,1955,0,0,2007,827,7200,-93.611642,0
1,1376,1941,768,0,1950,968,9492,-93.620497,359
2,2098,1997,1040,0,1997,1044,9375,-93.680864,1040
0,1824,1971,912,1,1971,912,9400,-93.607622,912
1,1521,1950,910,1,1950,910,12144,-93.609054,455
0,1124,1954,0,0,1954,1124,8335,-93.6627359,0
1,872,1924,872,0,1950,872,17529,-93.667081,872
0,1152,1955,0,1,1955,1152,6882,-93.664768,0
2,2432,1985,1216,1,1986,1216,7700,-93.6030339,1216
2,1522,1984,1190,0,1984,1522,11075,-93.673958,0
2,1328,1963,1328,0,1963,1328,9790,-93.625926,678
1,1348,1925,884,0,1997,884,6000,-93.622513,884
3,2392,1997,1396,0,1998,1407,9452,-93.655739,322
3,1624,1994,1624,0,1995,1624,12461,-93.650057,168
2,1398,1976,684,0,2001,684,7200,-93.675173,396
1,1079,1948,570,0,1950,617,5190,-93.66515,570
2,1367,2005,1367,0,2005,1367,12304,-93.649744,1347
2,845,1982,845,1,2006,845,7599,-93.604858,280
1,1632,1958,1240,0,1988,1632,9600,-93.614751,0
2,1364,2005,1364,0,2005,1364,7052,-93.649714,705
2,1344,1999,1344,0,1999,1344,11875,-93.608223,1344
2,889,1984,864,1,1984,889,12395,-93.603722,217
1,1680,1915,840,1,1976,840,15576,-93.6447083,840
3,2097,1993,1080,0,1993,1080,11228,-93.681199,499
2,1709,2004,970,1,2004,970,2522,-93.66996,970
2,2353,1980,845,0,1980,1153,13005,-93.637343,153
2,1224,1999,1224,1,1999,1224,4500,-93.60821,341
1,1524,1958,874,1,1958,874,11344,-93.618143,414
2,1218,1941,735,0,1950,869,6000,-93.621501,360
1,1089,1954,1089,0,1954,1089,7440,-93.660147,916
1,1728,1964,1728,1,1964,1728,10624,-93.624592,1424
2,1056,1955,1056,1,1955,1056,34650,-93.625169,0
2,1710,2003,856,1,2003,856,8450,-93.686931,150
2,1176,1937,698,1,2000,786,6000,-93.624567,698
1,1306,1957,992,1,2000,1306,8712,-93.609226,132
3,1743,2008,1739,0,2008,1743,10367,-93.652884,724
2,1026,1978,940,1,1978,1026,10970,-93.685158,0
0,1092,1970,546,1,1970,546,1936,-93.601615,546
2,1501,1999,744,1,1999,757,2280,-93.644172,195
2,1214,2009,1214,1,2010,1214,9803,-93.649201,1214
4,1802,1993,946,0,1993,964,12361,-93.683167,86
2,2020,1977,0,0,1977,2020,8400,-93.6791142,0
1,1048,1956,1048,1,1956,1048,10152,-93.613983,462
2,1652,2000,782,1,2000,782,8998,-93.690276,255
2,1428,1900,712,1,1970,848,6451,-93.619513,504
1,1382,1949,0,0,2002,1382,11800,-93.6051157,0
1,1666,1927,1204,1,1950,1204,5160,-93.6250433,1204
2,1339,1990,1309,0,1990,1339,8049,-93.646575,256
3,1564,2007,1564,1,2007,1564,11058,-93.683435,1508
2,943,1967,943,1,1967,943,8398,-93.677997,300
2,768,1970,768,1,1970,768,7244,-93.6015199,149
3,2020,2008,2020,0,2008,2020,12350,-93.654439,788
2,1254,1961,1218,0,1961,1254,9600,-93.615687,618
2,1792,1974,896,1,1974,896,9000,-93.626544,896
3,2140,2006,2140,1,2007,2140,10481,-93.69067,2140
1,813,1930,813,1,2005,813,5684,-93.618799,813
1,890,1968,890,1,1968,890,8450,-93.670997,0
2,1822,1984,1105,0,1984,1105,23920,-93.693153,1105
2,1773,1961,1313,0,1992,1773,10800,-93.606508,400
3,1816,2006,1790,0,2007,1816,12469,-93.6588809,639
2,2654,1968,1054,0,1984,1512,11029,-93.633466,435
2,1496,2006,654,0,2006,664,17104,-93.644411,100
2,1586,1979,1362,0,1998,1586,17043,-93.636512,1362
3,2945,2006,1410,0,2006,1426,13682,-93.626477,1410
3,1787,2001,1753,0,2002,1787,14781,-93.685697,1753
2,1456,1978,855,0,1978,855,2364,-93.625696,576
3,1572,1963,1572,0,1963,1572,35133,-93.662162,413
2,1509,1988,1461,0,1989,1509,10200,-93.64427,678
2,1337,1997,1405,0,1998,1337,10943,-93.624431,475
1,1473,1968,1437,0,2003,1473,25095,-93.66798,113
2,1721,1957,1331,0,1969,1721,9736,-93.612347,525
1,1150,1942,799,0,1950,799,6488,-93.665153,569
1,816,1934,816,0,1950,816,8550,-93.62357,242
2,1954,1939,798,0,2006,1137,15660,-93.643378,457
2,1493,1997,1478,0,1998,1493,13125,-93.679505,484
3,1874,2007,955,0,2008,955,9428,-93.644024,226
1,1207,1962,1135,1,1985,1207,9510,-93.610278,434
3,1726,2007,1726,0,2007,1726,9416,-93.643836,600
1,1337,1956,832,1,1956,832,8382,-93.613624,832
2,2073,1978,1542,0,1988,2073,13175,-93.636655,589
1,612,1940,0,1,1950,612,5925,-93.606842,0
2,1422,2004,1422,1,2004,1422,8500,-93.684714,1422
1,844,1925,844,1,1950,844,5633,-93.615638,844
3,2385,1998,1066,0,1998,1108,10790,-93.649901,1066
2,3194,1934,965,0,1998,1940,12168,-93.641322,537
3,2100,2007,918,0,2007,958,9709,-93.654617,140
1,1077,1922,1007,0,1950,1077,9786,-93.628416,1007
3,2283,2003,1008,0,2003,1008,11792,-93.639915,158
2,1753,1998,853,0,1999,853,12352,-93.68892,215
2,1154,1966,1154,0,1966,1154,11000,-93.627836,184
2,1718,1927,851,0,1992,867,7230,-93.64281,851
2,1264,1965,1068,0,1977,1264,15300,-93.60743,1026
0,960,1958,960,1,1958,960,6410,-93.6663375,960
3,1530,2004,1530,0,2004,1530,14572,-93.644256,230
3,1546,2005,1546,1,2006,1546,11750,-93.688941,1526
2,1125,2006,1125,1,2007,1125,8536,-93.674307,1125
1,1494,1942,771,0,1950,753,7500,-93.6397,224
3,1563,2007,1563,0,2007,1563,10206,-93.642376,1530
1,976,1942,976,1,1950,976,7288,-93.628467,671
2,1632,1966,800,1,2000,800,9130,-93.625925,336
1,1091,1951,1091,0,1951,1091,7801,-93.639467,591
2,999,1961,944,1,2007,999,12122,-93.624499,77
3,2400,2003,1082,0,2004,1105,13262,-93.6545189,1082
0,693,1941,693,1,1950,693,4118,-93.622624,693
2,960,1970,960,1,1970,960,9873,-93.625436,171
2,1432,2004,716,0,2005,716,7795,-93.642749,291
2,1350,1954,967,0,1954,1350,9375,-93.666035,168
3,1828,2007,1822,0,2007,1828,11694,-93.658015,1774
1,2133,1941,1528,0,1985,1225,10452,-93.640041,850
2,1369,2007,1369,1,2007,1369,9910,-93.644118,1369
1,1134,1960,1010,1,2002,1134,7000,-93.606932,422
3,2696,2003,2846,0,2004,2696,14300,-93.656067,1473
3,2097,2005,2077,0,2006,2097,20896,-93.64178,356
3,1226,2009,1226,1,2009,1226,10402,-93.69245,1226
2,1200,2005,600,1,2005,520,3180,-93.644891,600
2,2417,1991,1288,0,1992,1301,16059,-93.653876,1288
2,1812,2002,952,0,2002,952,7500,-93.6392251,952
3,1959,1988,1907,1,1989,1959,11070,-93.603854,1907
1,1131,1941,676,1,1950,676,5720,-93.62026,676
2,1771,1997,864,1,1997,872,13142,-93.689772,176
2,1680,1910,856,0,1950,936,6048,-93.655849,120
1,1073,2004,1073,1,2004,1073,5500,-93.655786,190
2,1566,2008,1566,1,2008,1566,9000,-93.647105,488
2,1368,2005,1368,0,2006,1368,6955,-93.649553,1368
2,1762,1920,596,1,1950,998,7200,-93.613763,596
2,1580,1959,1244,0,1959,1580,10032,-93.614241,510
1,1639,1946,747,0,1950,892,9350,-93.665271,405
2,1080,1983,1084,1,1983,1080,9187,-93.607597,748
3,2000,1993,996,0,1994,996,9627,-93.599996,238
1,1080,1958,1080,1,1958,1080,9464,-93.612394,510
2,1338,2007,1338,1,2007,1338,8640,-93.650341,1314
1,1403,1915,698,1,1965,754,10320,-93.599575,160
2,1026,1974,970,0,1974,1026,8410,-93.601779,46
2,998,1945,0,1,1950,998,9000,-93.659355,0
2,2439,2001,1531,0,2001,1531,12728,-93.681196,333
1,1436,1921,585,0,1950,851,6720,-93.644669,585
3,1836,2004,1836,0,2005,1836,11362,-93.652724,797
3,1800,2007,1800,0,2008,1800,8232,-93.651845,596
2,1229,1980,561,0,1992,561,1488,-93.645743,90
1,1660,1934,715,0,1995,849,11988,-93.641405,389
1,792,1958,792,1,1958,792,5470,-93.6146206,792
1,1502,1998,1502,0,1998,1502,9763,-93.647403,328
2,1709,2004,970,1,2004,970,2522,-93.670039,970
2,2345,1932,952,0,1950,1170,16560,-93.641002,449
1,1369,1925,672,1,1950,697,6629,-93.657241,121
1,904,1966,876,1,1966,904,7162,-93.676873,876
2,1102,1980,988,0,1980,1102,10464,-93.633002,138
2,1117,1976,1029,0,1976,1117,7819,-93.675175,480
2,864,1971,864,1,2006,864,9000,-93.6223289,624
3,1795,2006,1795,0,2007,1795,9986,-93.64396,1795
2,1513,1999,1462,0,2000,1513,15750,-93.67915,216
2,1806,1964,780,1,1964,993,7570,-93.604987,780
2,1729,2002,860,1,2002,860,8158,-93.68675,860
0,1664,1965,0,1,1965,1664,9825,-93.677553,0
1,808,1958,808,1,2000,808,5175,-93.628582,254
2,1640,2003,798,1,2003,798,7226,-93.687674,798
3,2285,2000,969,0,2000,997,11000,-93.652894,969
3,1616,2005,1616,1,2005,1616,8688,-93.643635,1616
1,836,1975,836,1,1975,836,2280,-93.625966,836
2,1742,1882,916,0,1986,916,17671,-93.610582,700
2,1536,1930,928,0,1950,928,6240,-93.621482,480
2,2654,1920,671,0,1996,1567,16779,-93.662239,404
2,1986,2003,847,0,2003,847,8396,-93.640051,847
2,1226,1978,1226,0,1978,1226,3880,-93.648143,174
2,1266,2007,1266,0,2007,1266,3182,-93.643039,1266
2,990,1994,990,1,1994,990,9750,-93.692009,268
2,2020,1995,1128,0,1995,1142,9828,-93.682176,544
1,1422,1960,978,0,1978,1422,12342,-93.624745,978
3,1850,2004,1833,0,2005,1850,16033,-93.658788,572
3,2398,1996,1379,0,1997,1383,11787,-93.655905,660
1,1111,1941,616,1,1950,616,9084,-93.659949,0
0,1184,1910,658,1,1996,658,8410,-93.659222,658
0,858,1958,858,1,2008,858,7207,-93.629287,162
2,1479,1981,725,0,2003,725,12090,-93.637816,404
2,1506,2008,1498,0,2008,1506,14587,-93.642092,1498
2,1151,2006,1141,1,2007,1151,3523,-93.64733,1081
2,1709,1999,1698,0,2000,1709,5119,-93.647044,460
2,1717,1990,1156,0,1991,1187,13758,-93.644366,254
3,1531,2006,1504,0,2006,1531,10872,-93.65476,467
0,1142,2005,1142,1,2005,1142,7733,-93.692575,1118
3,2482,2005,1094,0,2006,1133,12665,-93.647569,1094
2,2069,1960,585,0,2007,2069,27650,-93.604106,160
1,1176,1958,1158,0,1998,1176,13770,-93.661985,95
1,1008,1954,1008,0,1954,1008,11425,-93.622649,522
2,1158,2004,1158,1,2004,1158,13072,-93.690959,217
2,1709,2004,970,1,2004,970,2522,-93.670063,970
0,720,1920,720,1,1950,720,7879,-93.605207,225
2,1390,1957,1705,0,1957,1390,39384,-93.616439,595
2,1466,1936,796,0,1989,1096,10800,-93.613899,170
1,1008,1953,1008,1,2006,1008,8923,-93.617075,365
1,1092,1957,1092,0,1957,1092,14850,-93.613296,197
2,1004,1970,1004,0,1970,1004,11241,-93.626231,426
2,1088,1963,1088,1,1963,1088,8308,-93.676222,115
1,1357,1959,1019,0,2006,1357,11512,-93.666147,300
2,1314,2007,1314,0,2008,1314,5063,-93.649649,410
2,1002,1970,1002,1,1970,1002,8750,-93.626554,174
3,2078,2007,1034,0,2008,1050,10800,-93.6430423,245
1,1040,1965,1040,1,1965,1040,11200,-93.669806,134
3,3279,2003,1650,0,2003,1690,53504,-93.62655,234
2,1342,2003,698,0,2003,698,8174,-93.640065,204
2,1671,2000,959,0,2000,959,10852,-93.64136,173
2,1463,1998,1463,1,1998,1463,14753,-93.691355,513
1,864,1972,864,0,1972,864,15523,-93.683157,404
1,1646,1941,918,0,1950,918,7128,-93.644698,554
1,912,1958,912,1,1985,912,7535,-93.621352,522
2,2161,1950,832,0,2000,1218,12392,-93.64293,397
2,1321,1990,1312,0,1990,1321,5118,-93.631633,386
3,1254,2008,1254,1,2008,1254,10324,-93.69157,382
0,1006,1959,1006,1,1959,1006,9000,-93.665521,718
1,950,1971,950,1,1971,950,9758,-93.627112,251
2,1797,2006,939,1,2006,939,9245,-93.684137,939
2,1355,1941,728,1,1950,760,6221,-93.640497,195
2,1962,1915,888,0,1950,888,8094,-93.621674,888
1,1073,1921,1073,1,1968,1073,5400,-93.613965,1073
1,1510,1920,755,1,1950,755,4899,-93.648417,450
3,2690,2003,1765,0,2003,1804,16451,-93.654914,1765
2,756,1927,660,1,1950,756,9259,-93.663619,660
2,1375,1954,1367,0,1954,1375,11310,-93.618593,1367
3,2646,1993,1347,0,1993,1372,9900,-93.654048,360
2,1668,2003,1657,0,2003,1668,10635,-93.687922,315
2,810,1971,782,1,1972,810,10820,-93.678165,88
2,1208,1925,780,1,1950,848,6240,-93.626716,628
2,1217,1990,1188,1,1991,1217,9947,-93.602356,577
3,1685,2006,1685,0,2006,1685,11824,-93.642046,1685
2,1404,1969,1188,0,2000,1404,13383,-93.600636,594
2,1069,1975,1069,0,1975,1069,4043,-93.627169,186
2,1686,1980,1686,0,1980,1686,10240,-93.636044,0
1,2340,1941,1152,0,2006,1188,9042,-93.642793,877
1,1375,1956,1240,0,1998,1375,14175,-93.664037,332
1,1093,1958,869,1,2006,1093,8516,-93.6043548,869
2,1499,1995,781,0,1995,795,12438,-93.688302,781
2,2454,1879,819,0,1987,1312,13500,-93.612061,819
3,1240,2006,1240,1,2006,1240,8556,-93.69003,1240
2,1133,1950,795,1,1950,765,8064,-93.61061,174
2,1733,2004,847,0,2004,847,8577,-93.642447,847
2,2082,2003,1362,1,2003,1362,11426,-93.6195822,1362
3,2198,2000,1145,0,2000,1145,14260,-93.653324,490
0,1080,2004,1080,1,2005,1080,7500,-93.692497,400
2,1496,1960,1296,1,1960,1496,9600,-93.6285065,638
3,1552,2005,1552,1,2006,1552,10084,-93.684116,1528
2,1362,1961,1362,0,1961,1362,10197,-93.616552,700
2,1486,1964,1486,1,1999,1486,9937,-93.677407,849
2,1220,2005,1220,0,2006,1220,3182,-93.642911,1204
0,1195,1946,1195,1,1950,1195,8741,-93.664686,1195
3,2500,2005,1168,0,2005,1168,13543,-93.628831,1152
1,1820,1925,1026,1,1950,1133,9120,-93.625556,697
2,1285,1977,660,0,1977,1285,8197,-93.672119,660
1,864,1968,864,1,1968,864,7832,-93.676674,89
2,1033,1976,456,1,1976,1033,12102,-93.673447,0
2,1484,2006,1476,0,2006,1484,9037,-93.650561,1048
2,1573,2002,1573,1,2002,1573,9808,-93.691175,785
2,2514,1990,1216,1,1991,1298,11170,-93.646172,0
1,1202,1956,1202,1,1956,1202,8750,-93.614768,565
2,1588,1999,1588,1,1999,1588,10264,-93.690215,426
1,1656,1916,660,1,1987,808,10410,-93.6144209,660
1,907,1957,907,1,1957,907,8593,-93.622673,619
2,1964,2005,1100,0,2006,1116,12447,-93.642317,1100
2,1060,1976,1040,0,1976,1060,4224,-93.605355,200
2,1236,1957,912,1,1996,1236,7407,-93.608246,312
3,2538,1996,1325,0,1997,1335,9044,-93.653864,100
2,1478,1957,1478,0,1957,1478,8400,-93.61864,628
2,848,2003,848,1,2003,848,4435,-93.681121,162
0,1198,1920,901,1,1998,1088,5586,-93.621921,901
2,952,1951,952,1,1951,952,7350,-93.615621,100
1,1638,1957,967,1,1957,967,9060,-93.625147,967
2,1762,2002,826,1,2002,878,9930,-93.686288,370
2,1749,1999,842,1,1999,856,9272,-93.691931,342
2,2555,1922,588,0,1994,1423,11526,-93.646438,588
1,1346,1910,560,1,2000,796,11767,-93.664821,560
2,1034,1978,456,0,1978,1034,8014,-93.672651,0
2,1336,1958,1121,0,1958,1336,9610,-93.612566,918
3,1574,2006,1574,0,2006,1574,11957,-93.642334,1550
4,2640,1880,1240,0,2003,1320,11700,-93.612245,1240
2,1055,1975,1057,0,1975,1055,2280,-93.625945,0
2,1659,2000,1501,0,2000,1659,5664,-93.633739,343
2,1341,1990,1300,0,1990,1341,10176,-93.634626,663
2,1626,1994,1602,0,1994,1626,9938,-93.682029,331
1,1144,1956,1144,1,1956,1144,9571,-93.667708,405
2,2715,1976,1142,0,1996,1175,8963,-93.630152,487
2,1097,1984,1040,1,1985,1097,9672,-93.685028,702
2,1652,1959,1592,0,1991,1652,22002,-93.6249615,206
3,2452,2003,2452,0,2003,2452,15274,-93.65486,480
2,1936,2000,1406,0,2000,1454,11194,-93.641467,1406
0,866,1945,686,1,1997,866,3880,-93.6082631,357
2,1608,1997,945,0,1997,945,10179,-93.639388,98
2,1190,1993,1181,0,1993,1190,7250,-93.635824,1181
2,764,1925,680,1,2004,764,5232,-93.619415,680
2,1252,1908,504,1,1991,936,7438,-93.628176,504
0,1560,1912,780,1,2009,780,12900,-93.621835,780
2,1534,2006,1524,0,2006,1534,10612,-93.642261,1496
2,1245,2004,1235,1,2005,1245,3435,-93.646113,1211
2,1302,2005,1302,0,2006,1302,3901,-93.649828,436
1,1380,1963,1380,1,1963,1380,10143,-93.607655,996
1,943,1958,0,1,1994,943,11515,-93.663517,0
2,1378,2004,1378,0,2004,1378,4379,-93.647974,527
2,1786,1965,1499,0,1965,1619,164660,-93.658875,103
2,1743,1968,702,0,1968,1041,11700,-93.636497,143
1,1274,1939,728,1,1998,728,6125,-93.624715,422
2,1054,1969,1054,1,1969,1054,9750,-93.627875,14
1,1601,1958,533,1,1987,1021,13825,-93.662134,533
1,1211,1968,952,0,1968,1211,8250,-93.656979,210
2,1239,1995,1230,0,1995,1239,11064,-93.648705,0
2,2144,1958,1444,0,2006,1444,159000,-93.682439,747
2,969,1975,969,1,1975,969,10356,-93.684354,253
2,2601,1921,612,1,1998,990,9842,-93.646748,612
2,1495,1989,1495,0,1989,1495,12890,-93.644679,1495
2,1344,1958,819,0,1958,1344,14375,-93.64978,354
2,1576,1961,1208,0,1961,1576,11475,-93.622685,640
3,1710,2007,1710,0,2008,1710,13891,-93.6566551,310
2,1365,1973,765,0,1973,765,2160,-93.6292319,363
2,1037,1974,1037,1,1974,1037,10751,-93.660522,250
2,848,2003,848,1,2004,848,4435,-93.681297,163
2,1535,2004,1517,1,2004,1535,10171,-93.652307,1515
2,1385,1952,910,1,1952,910,8520,-93.609218,403
2,1281,1926,756,1,1950,903,6120,-93.621504,405
2,1256,2008,1145,0,2008,1256,4217,-93.646916,183
2,2673,1980,1043,0,1991,1539,12388,-93.638366,441
2,1296,1967,0,1,1967,1296,10791,-93.671213,0
2,1358,2002,1348,0,2002,1358,11088,-93.685504,476
1,980,1967,980,1,1967,980,9750,-93.627935,100
1,725,1890,630,1,1998,725,10800,-93.612254,630
3,2795,2005,1390,0,2006,1390,15922,-93.626337,1390
3,2475,1998,1629,0,1998,1645,17433,-93.652334,1629
2,1671,1978,1427,0,1986,1671,10928,-93.63745,1064
2,1797,1993,1152,0,1994,1152,12961,-93.600147,208
2,1792,2000,936,0,2000,962,10261,-93.641331,936
2,936,1953,936,1,1953,936,6000,-93.6129105,936
2,1145,2006,1145,1,2006,1145,3203,-93.641635,1129
2,2061,1974,1165,0,1974,1165,9600,-93.630714,467
2,2058,1917,735,0,1950,1134,9600,-93.616885,416
2,1040,1950,0,1,1950,1040,7200,-93.608904,0
1,1050,1954,1050,1,2000,1050,8092,-93.618481,226
1,1507,1960,1075,1,1960,1507,7910,-93.60688,409
2,1412,1988,1392,0,1988,1412,11457,-93.646455,387
2,1405,2003,1405,0,2003,1405,3242,-93.650608,405
2,1360,1984,1220,0,1984,1360,5814,-93.633245,184
3,1792,2005,1792,0,2006,1792,13758,-93.654997,560
2,1934,1977,1122,0,1977,946,11900,-93.623975,722
2,1548,1976,804,0,1976,804,2308,-93.624729,498
1,1352,1958,1062,1,1958,1352,6930,-93.6578344,468
1,1520,1932,793,1,2000,848,4500,-93.652027,611
2,1710,2007,1710,0,2007,1710,8118,-93.629808,676
3,1416,1915,876,0,1950,876,12665,-93.620179,876
3,2687,2000,1455,0,2000,1466,12720,-93.650957,282
2,2097,1998,1108,0,1998,1108,9750,-93.682686,133
1,1412,1939,780,0,1950,825,6000,-93.623515,780
1,1531,1947,756,0,1979,1169,9350,-93.66526,564
2,1982,1986,572,0,1986,1182,13607,-93.644864,118
1,808,1945,0,1,1995,808,6120,-93.622566,0
1,1253,1960,1253,0,1960,1253,10920,-93.605659,520
2,2199,1997,1173,0,1997,1182,9660,-93.654594,1173
2,1626,2003,764,1,2004,764,2268,-93.650238,197
2,1226,1980,1226,0,1980,1226,3874,-93.649352,419
1,1422,1926,1290,1,1950,1422,7223,-93.646817,971
2,2013,1996,1117,0,1997,1127,9920,-93.655159,255
1,1050,1971,1043,1,1971,1050,8510,-93.62655,543
3,2009,1928,672,0,1950,1337,19950,-93.661562,672
1,987,1972,483,0,1972,483,1680,-93.629516,483
1,972,1948,972,0,2002,972,8000,-93.617182,292
3,1838,1997,1838,1,1998,1838,10126,-93.68031,83
2,1324,1976,1228,0,1976,1324,8991,-93.633757,0
1,1296,1924,1107,0,1999,1296,4853,-93.655762,974
2,2522,2004,2208,0,2005,2522,7296,-93.634265,243
2,1411,1977,1386,0,1977,1411,11900,-93.635056,564
1,1573,1935,884,1,1995,989,6120,-93.623644,884
2,1325,1948,409,0,2005,1325,17541,-93.669606,109
2,2126,1967,1013,1,1967,1160,28698,-93.6825646,0
2,1446,1996,729,0,1997,729,21872,-93.636948,125
3,1392,2002,1441,0,2002,1392,10000,-93.607551,856
1,1768,1937,731,0,1950,981,7200,-93.6461654,162
3,1939,2006,1095,0,2006,1095,10728,-93.642862,1095
3,1712,2002,1712,0,2003,1712,16770,-93.654405,516
1,886,1938,190,1,1996,886,5784,-93.610469,190
1,1133,2008,192,1,2008,1133,9836,-93.6195726,96
2,1212,1977,506,0,1995,1212,8471,-93.677012,0
0,2592,1923,1296,1,1950,1296,10890,-93.65181,925
2,1951,1900,938,1,1950,1084,7745,-93.618335,938
2,1694,1925,1181,0,1950,1390,8400,-93.651785,758
2,1334,1977,1350,0,1977,1334,9650,-93.637905,664
2,1414,2004,1375,0,2004,1414,3072,-93.641321,1375
2,1211,1976,1211,0,1976,1211,13068,-93.630299,273
2,2232,1993,1173,0,1994,1215,11692,-93.652117,549
2,1732,1985,741,0,1985,977,9206,-93.685001,741
2,848,2004,848,0,2004,848,4426,-93.682991,151
1,952,1896,756,1,1950,952,8712,-93.60775,756
2,1032,1978,1032,0,1978,1032,10395,-93.632669,427
1,1377,1960,1377,0,1960,1377,8000,-93.605942,125
2,1188,1956,988,0,1956,1188,14175,-93.665355,212
2,1069,1977,1069,0,1977,1069,4043,-93.627232,709
2,1986,1965,768,0,1990,1186,13600,-93.615558,314
2,2152,2007,1582,0,2008,1582,16659,-93.6554248,1582
2,1650,1910,926,1,1990,991,8398,-93.6188503,667
1,1271,1948,720,0,1950,720,21286,-93.657958,720
1,2080,1926,1276,0,2004,1276,10918,-93.644636,1276
2,2872,1977,1330,0,1995,1542,12227,-93.635111,434
2,1144,1961,1144,1,1961,1144,7875,-93.6178602,572
0,816,1910,624,0,1950,816,3300,-93.6148612,624
1,1750,1940,983,1,1985,983,12508,-93.608291,323
2,2228,1979,0,1,1979,1114,7018,-93.679109,0
2,1740,1968,1740,0,1968,1740,11050,-93.634976,1439
3,1944,2003,1896,0,2004,1944,12378,-93.643412,622
1,1276,1958,1276,1,1958,1276,9571,-93.667209,1276
1,1057,1955,1057,1,1999,1057,10519,-93.667188,1057
2,1200,2004,600,1,2004,600,3215,-93.645599,320
2,2380,1965,1021,0,1979,1465,18450,-93.615535,111
1,1022,1922,1022,0,1950,1022,4480,-93.62024,240
2,2350,1920,973,1,1960,1377,9600,-93.617386,739
2,1776,2002,936,0,2002,936,14006,-93.691243,936
2,1872,2001,1299,0,2001,1299,11885,-93.682623,309
1,1096,1969,1096,1,1969,1096,15870,-93.62626,230
2,1884,2003,926,0,2003,1016,7000,-93.639516,304
0,1158,2004,1158,1,2004,1158,7500,-93.692472,1158
2,1053,1958,1008,1,1991,1053,8973,-93.621362,413
2,1921,1964,1921,1,1964,1921,11136,-93.65565,1921
1,971,1969,971,0,1969,971,9920,-93.684982,448
1,1984,1910,1242,1,1983,1242,8094,-93.621676,1046
2,1929,2001,1057,0,2001,1057,7050,-93.639515,319
1,1004,1930,502,0,1950,502,3960,-93.615681,502
2,1220,1971,1625,0,1971,1220,13001,-93.634714,1012
2,1330,2006,1330,0,2007,1330,8334,-93.684285,1330
2,1152,1964,1152,0,1964,1152,14112,-93.627809,138
2,954,1976,911,1,1976,954,10780,-93.686629,428
1,882,1959,0,1,1959,882,8339,-93.62232,0
1,1716,1949,768,0,2008,1148,11409,-93.66104,476
2,1430,1999,384,0,1999,774,7848,-93.640879,384
2,1434,2001,1454,0,2001,1434,8529,-93.6888,1434
2,2253,2005,1209,0,2006,1209,12867,-93.654831,1209
1,630,1970,630,1,2002,630,1526,-93.603479,115
1,1904,1950,1208,1,1982,1136,7200,-93.60891,676
2,1560,1960,1560,0,1960,1560,25485,-93.640326,0
2,1652,2008,1600,0,2008,1652,5587,-93.616242,120
1,987,1973,483,1,1973,483,1953,-93.627932,174
2,715,1929,715,1,1950,715,10914,-93.610772,715
3,1350,1941,576,1,1973,864,8375,-93.660521,240
2,1065,1960,1065,1,1960,1065,8892,-93.624606,1065
2,1525,2000,756,0,2000,769,2117,-93.645595,320
3,2042,2008,2042,0,2009,2042,12704,-93.654144,2042
3,1670,2006,1670,0,2006,1670,14859,-93.635967,1670
1,952,1916,952,0,1950,952,8854,-93.626116,952
1,925,1956,925,1,2003,925,8540,-93.612414,120
1,1336,1953,1165,0,1953,1336,15750,-93.639428,324
2,1728,1965,1728,1,1965,1728,13101,-93.624632,1497
2,1396,2007,608,0,2007,608,11069,-93.6843,608
2,1478,1960,1478,0,1960,1478,17600,-93.606573,208
2,1432,1978,1360,0,1978,1432,16157,-93.645589,289
2,1312,1958,1312,0,2001,1312,11355,-93.605189,675
1,1078,1925,1054,1,1950,1078,10230,-93.615465,1054
3,1499,1946,904,0,1950,904,9000,-93.607771,459
2,1696,2003,835,1,2003,835,10110,-93.692431,200
2,1458,2006,608,1,2007,608,13204,-93.64573,608
2,1803,1957,1134,0,2000,1803,13125,-93.665505,284
2,1603,1923,784,0,1950,819,9650,-93.642886,784
1,1092,1972,546,1,1972,546,1484,-93.603524,294
2,1640,1954,1296,0,2006,1640,14778,-93.640293,568
1,1141,1967,1141,1,1967,1141,9600,-93.626345,137
3,2127,1991,1104,0,1991,912,13125,-93.683309,422
2,2291,1999,975,0,1999,1005,8738,-93.641053,975
2,990,1994,990,1,1995,990,9245,-93.691612,304
2,1616,1995,1595,0,1996,1616,5389,-93.632852,415
2,1256,1986,1256,0,1986,1256,18265,-93.6470597,276
1,936,1956,936,1,2000,936,5868,-93.6192014,448
1,2008,1948,896,1,2002,1112,7800,-93.662765,293
2,2726,1986,279,0,1986,2726,18044,-93.640182,279
3,1780,2004,1780,0,2005,1780,14828,-93.655461,397
2,816,1982,816,1,2003,816,6600,-93.603916,0
1,2403,1940,1032,0,1950,1207,24090,-93.656231,1032
2,1530,2005,1530,0,2005,1530,16158,-93.629357,256
2,2009,1939,989,0,1950,1245,6240,-93.621485,449
2,2462,2005,1392,0,2006,1392,19378,-93.636052,1335
2,1114,2003,1114,1,2004,1114,12450,-93.690159,278
1,1576,1928,1042,0,1950,1042,6240,-93.621484,1042
3,1976,1998,1044,0,1998,1079,9660,-93.654519,253
1,1158,1929,862,0,1950,950,6000,-93.623514,862
2,1074,1956,894,0,1956,1074,7450,-93.621344,250
2,1682,1998,804,1,1998,804,8750,-93.688258,299
2,1801,1959,1501,0,1997,1801,15602,-93.641677,254
3,1964,2005,1964,0,2006,1964,11447,-93.647214,393
2,1094,1953,1094,0,1953,1094,10452,-93.665571,594
3,2161,2007,1582,0,2007,1610,10562,-93.650917,294
2,848,2004,848,1,2004,848,4426,-93.68369,186
2,1358,2007,1350,0,2008,1358,7301,-93.649587,474
2,1482,1992,384,0,1992,812,9125,-93.637917,384
3,2243,1990,700,0,1991,1122,13474,-93.684102,0
2,1983,1999,978,0,1999,1005,10762,-93.639325,284
1,1298,1941,720,0,1950,854,8212,-93.656664,94
2,1641,1925,728,0,1990,832,9600,-93.618489,712
2,1677,2001,827,1,2001,827,8450,-93.688803,355
2,2554,1890,718,1,1998,1576,10800,-93.608678,718
1,630,1970,630,1,1970,630,1477,-93.603111,121
2,1556,1980,716,0,1980,716,1950,-93.645743,23
2,1142,2005,1142,1,2006,1142,3010,-93.642241,1126
3,1718,2007,1705,0,2008,1718,10637,-93.688859,417
2,1508,2009,1508,0,2010,1508,17485,-93.665799,162
2,1116,1974,1116,0,1974,1116,10140,-93.632178,228
1,704,1946,560,1,2001,704,4280,-93.659205,560
2,1577,2005,1577,0,2005,1577,7841,-93.653414,729
3,1555,2007,1373,0,2007,1555,3684,-93.641561,1373
2,1302,2007,1302,1,2007,1302,8993,-93.644377,1302
1,1074,1950,663,0,1987,1074,11479,-93.66357,172
1,1064,1952,864,1,1952,1064,10950,-93.615622,525
2,1714,2005,1714,0,2005,1714,8147,-93.63007,523
2,1812,1900,360,0,1996,1032,7630,-93.620386,360
2,1310,2001,1310,0,2001,1310,4538,-93.646986,306
2,1419,2007,1419,0,2007,1419,8089,-93.630074,474
2,1906,1954,1310,0,1954,1906,17500,-93.639407,91
2,1051,1968,1051,1,1968,1051,9600,-93.625976,293
1,1068,1923,1124,0,1950,1068,6120,-93.620409,164
1,1479,1969,864,1,1969,864,10544,-93.599791,388
2,1658,1995,773,0,1996,773,8000,-93.637763,554
2,1348,1966,660,0,1966,660,7590,-93.603704,148
2,1586,1999,960,1,1999,962,2645,-93.641785,348
3,1966,2007,1966,0,2007,1966,12291,-93.642243,394
1,1469,1906,756,1,1995,756,10320,-93.62458,756
0,1828,1923,859,1,1999,942,9060,-93.62826,311
2,1567,1966,1562,0,2008,1567,14695,-93.615602,175
1,897,1968,876,1,1968,897,8665,-93.675714,420
2,2318,2005,960,0,2006,960,9512,-93.639516,172
2,1724,1967,1680,0,1976,1724,17871,-93.631851,1152
1,2192,1939,720,0,1997,1052,8400,-93.65181,342
1,1068,1963,1059,1,2003,1068,8414,-93.675399,396
2,1920,1948,928,1,1950,928,11345,-93.621485,708
1,1383,1960,1383,1,1960,1383,11600,-93.612886,818
1,874,1971,864,1,2004,874,6953,-93.601449,395
2,1554,2006,1554,0,2006,1554,4590,-93.649397,1530
1,1411,1955,1204,0,1975,1411,12198,-93.612301,424
1,816,1957,816,1,1957,816,7100,-93.609073,108
1,1056,1955,1056,1,1955,1056,13600,-93.6136767,0
2,1226,1978,1226,0,1978,1226,3876,-93.649329,48
0,1768,1968,1768,1,1968,1768,10778,-93.671076,1768
2,864,1971,864,1,1971,864,7560,-93.630208,132
4,2034,1953,0,1,1953,2034,43500,-93.610118,0
2,1552,1975,713,0,1975,811,11475,-93.637191,163
1,887,1984,864,1,1984,887,10447,-93.604858,348
2,856,1939,856,0,1950,856,7890,-93.6514413,618
2,1553,1996,691,1,1996,691,7875,-93.637865,277
2,1264,1914,676,1,1995,676,15564,-93.646288,676
2,1003,1984,1003,1,1984,1003,7937,-93.604776,184
2,1484,1971,1484,0,1971,1484,12243,-93.634581,486
2,908,1940,822,1,1996,908,12172,-93.621503,433
1,876,1959,876,1,1959,876,6410,-93.666315,301
2,1258,1971,1258,1,2004,1258,11040,-93.631526,602
2,1675,1999,1666,1,2000,1675,7915,-93.646645,443
3,1590,2005,1570,1,2006,1590,11645,-93.689084,448
2,1313,1961,1313,0,1995,1313,9350,-93.628658,491
3,2121,2006,2121,0,2007,2121,14450,-93.6570383,2121
3,2389,2006,1054,0,2006,1054,10672,-93.653452,1054
0,1025,1962,1025,1,1962,1025,7000,-93.6050674,72
1,1764,1957,0,0,1982,1764,8838,-93.612264,0
2,1759,1992,1449,0,1993,944,16698,-93.679297,649
2,1728,1963,1728,1,1963,1728,9100,-93.675963,396
2,1710,1993,832,1,1993,832,9291,-93.687847,406
1,1038,1984,1038,1,1984,1038,3869,-93.6643138,0
1,2007,1900,917,1,1950,1090,8400,-93.610588,917
1,1396,1915,698,1,2003,698,8730,-93.625284,698
4,872,1971,858,1,1971,872,8294,-93.628047,858
2,1338,1983,520,0,1983,1338,19255,-93.685733,0
0,2650,1967,0,1,1967,862,7200,-93.6507568,0
2,2260,1996,1306,1,1997,1306,14000,-93.670503,105
2,1932,2003,979,0,2003,992,8749,-93.687786,325
2,964,1921,876,1,2006,964,13360,-93.640592,163
2,1558,1939,690,0,1950,868,6406,-93.6195361,269
1,520,1927,520,1,1950,520,6324,-93.624471,520
0,630,1970,630,1,1970,630,1936,-93.602094,0
1,1502,1923,602,0,1996,900,10592,-93.646624,602
2,1876,1974,901,0,1974,943,9120,-93.630732,459
1,925,1955,923,0,1955,925,8400,-93.612075,130
2,1422,1970,925,1,1990,1422,9457,-93.629118,359
2,1391,2004,1391,1,2004,1391,4282,-93.647488,1375
2,1145,1956,301,1,1956,1145,7700,-93.612464,30
1,930,1953,911,1,1953,930,9520,-93.665829,144
1,1008,1952,1008,1,2003,1008,12778,-93.617225,350
2,1265,1965,1219,0,1999,1265,9350,-93.6267969,586
2,1502,1985,1488,1,1985,1502,6820,-93.632913,0
2,1565,2005,1560,0,2005,1565,5911,-93.654138,1088
2,2466,2004,1580,0,2005,1580,11143,-93.639574,1580
2,1072,2005,547,1,2005,1072,3675,-93.670587,80
1,882,1956,0,1,1956,882,12702,-93.604486,0
2,1533,1975,1533,0,1975,1533,70761,-93.683877,878
3,1589,2003,1406,0,2003,1589,3621,-93.640513,322
2,1922,2003,0,0,2003,495,7301,-93.672234,0
2,1235,1980,1235,0,1980,1235,3760,-93.649329,44
3,2855,2000,1540,0,2000,1540,9233,-93.6532,358
2,1489,2003,782,0,2003,806,8965,-93.640051,130
3,1698,2007,1698,0,2008,1698,13286,-93.676608,464
2,1930,1979,780,0,1979,1085,11339,-93.634665,22
2,864,1951,864,1,1951,864,19138,-93.622971,744
2,1398,1990,1398,1,1991,1398,7175,-93.686267,494
2,1779,1955,1763,0,1974,1779,17920,-93.66563,372
2,1436,2008,1436,1,2009,1436,7993,-93.650417,1436
3,3238,1995,2033,0,1996,2053,14720,-93.652972,1217
1,864,1963,864,1,1963,864,6360,-93.672503,375
2,1768,1914,880,0,1970,880,10800,-93.613889,490
0,1200,1987,1200,1,1988,1200,10800,-93.658173,0
2,1650,1958,1632,0,1958,1650,50102,-93.651077,723
2,2156,1968,1568,0,2003,2156,20781,-93.634738,1203
1,1520,1955,1156,0,1972,1520,9600,-93.624601,350
3,1658,2008,1614,0,2008,1658,10206,-93.642553,1614
2,1728,2004,864,1,2004,864,9313,-93.685333,864
3,904,1970,864,1,1970,904,10200,-93.678125,160
2,1710,1921,576,1,1950,902,10300,-93.62338,576
2,1564,2006,1546,0,2007,1564,8298,-93.650569,963
2,864,1970,864,1,1970,864,8120,-93.625542,673
1,1056,1966,1056,1,1966,1056,8900,-93.681595,0
3,1776,1958,1584,1,1958,1776,11475,-93.623411,1584
2,1096,1978,1008,0,1978,1096,13014,-93.672241,480
0,936,1916,216,1,1950,576,8520,-93.604344,216
1,1382,1955,1382,1,1955,1382,8750,-93.61588,727
1,1082,1948,1082,0,1950,1082,11664,-93.610611,746
1,1060,1925,756,0,1994,916,6854,-93.6281873,212
2,1040,1950,0,1,1950,1040,8544,-93.609053,0
2,1120,1948,744,1,1950,792,11792,-93.676372,744
1,1738,1920,715,0,2007,1281,12513,-93.619029,715
1,864,1978,864,1,2005,864,7000,-93.684887,218
1,732,1952,732,1,1952,732,7200,-93.607814,0
3,1344,1916,624,1,1950,624,4571,-93.618296,624
2,1709,2004,970,1,2006,970,2522,-93.669985,970
2,1491,2006,738,0,2006,738,8333,-93.684271,738
2,2014,1900,716,1,2005,1007,9856,-93.618539,716
2,1559,1948,1559,1,1973,1559,8100,-93.6094532,1221
2,1312,1947,784,1,1950,900,7500,-93.617182,784
2,2337,1900,662,1,1950,1422,13600,-93.616911,662
2,1174,1978,864,1,1978,1174,12250,-93.687518,83
2,1776,1996,821,0,1996,821,9783,-93.636378,821
0,1392,1915,1212,1,1950,1212,9900,-93.656924,186
2,1653,2003,812,1,2003,812,8127,-93.639832,402
2,1090,2005,1090,1,2006,1090,7024,-93.673253,110
3,2492,2004,2492,0,2005,2492,14836,-93.655483,346
3,2794,1995,1462,0,1996,1490,15138,-93.657163,773
2,1082,1969,973,1,1969,1082,8723,-93.634528,0
2,1480,2003,1480,1,2009,1480,8197,-93.617553,292
2,1260,1983,1260,1,1983,1260,10825,-93.637808,513
2,1456,1975,855,0,1975,855,2280,-93.625924,341
2,1320,1971,1232,0,1971,1320,16500,-93.627416,270
2,1474,1952,1632,0,1952,1474,31220,-93.622299,1632
2,1603,1992,761,1,1992,810,7153,-93.68782,374
2,1889,2000,982,0,2000,1008,8658,-93.642913,250
3,2262,2003,1482,0,2003,1482,12244,-93.647834,611
2,1561,2005,1561,0,2005,1561,7313,-93.652565,408
1,1362,1920,951,1,1950,986,7550,-93.659659,951
1,694,1913,440,0,2002,694,4280,-93.64476,75
2,2030,1976,848,0,1976,1118,12046,-93.631528,692
0,936,1920,936,0,1950,936,4485,-93.62024,357
3,1922,2005,1922,0,2006,1922,14157,-93.629016,673
1,864,1959,864,1,1959,864,9100,-93.623485,252
2,1126,1977,1126,0,1977,1126,17400,-93.6086884,190
2,1442,1970,1442,0,1970,1442,11717,-93.634634,1442
3,2374,2003,1181,0,2004,1234,11999,-93.6545189,1181
2,1466,1959,1466,0,1959,1466,17755,-93.676369,1290
3,2468,2004,1136,0,2004,1136,12099,-93.6565389,166
1,1431,1962,1099,0,1962,1431,9150,-93.615685,728
2,1152,1953,1152,1,1953,1152,9373,-93.617084,456
2,2365,1971,1803,0,2009,2365,17597,-93.643539,581
3,2772,2007,1776,0,2007,1794,14257,-93.6562749,416
1,988,1973,462,1,1973,526,1596,-93.604252,0
1,912,1967,912,0,1967,912,8521,-93.678141,70
2,1680,1976,1680,1,1976,1680,11500,-93.633748,1680
2,1604,1997,926,0,1998,926,10839,-93.639151,926
2,2110,1994,948,0,2002,1222,8880,-93.68981,253
2,1392,2007,689,1,2007,703,3604,-93.644891,689
1,1047,1885,641,1,1995,1047,10800,-93.615432,641
1,960,1965,648,1,2001,960,10246,-93.669544,0
2,1226,1981,1226,0,1981,1226,3782,-93.649358,266
2,2060,1999,992,0,1999,1022,8755,-93.641312,220
2,1656,1940,801,1,1985,1095,7628,-93.6198478,801
1,810,1910,0,1,1950,810,21780,-93.588227,0
1,1668,1950,856,1,2005,1112,9600,-93.622644,736
2,894,1972,894,1,1972,894,9800,-93.683246,0
0,1928,1916,686,1,1995,948,7082,-93.648562,686
1,773,1953,773,1,1953,773,7677,-93.61707,203
1,1344,1936,896,1,1950,896,6240,-93.62454,896
1,1215,1958,1215,1,1998,1215,12400,-93.614059,630
1,1104,1956,1104,1,1958,1104,10425,-93.613383,330
1,912,1958,912,1,1958,912,10150,-93.616099,456
2,1488,1964,1008,0,1964,1488,10368,-93.627065,0
3,3627,1995,1930,0,1996,1831,35760,-93.657851,543
2,1772,1998,928,0,1998,928,8750,-93.688383,322
2,1187,1992,1168,1,2007,1187,7980,-93.635951,233
0,630,1970,630,1,1970,630,1533,-93.602043,77
2,1118,1939,793,0,1950,793,7800,-93.620433,286
2,864,1971,864,1,1971,864,9000,-93.621646,248
2,1852,2009,900,0,2009,932,8640,-93.650321,78
2,964,1961,964,0,1961,964,8243,-93.621452,264
2,1496,2007,1496,1,2007,1496,9158,-93.643449,1496
3,1820,1996,910,0,1997,910,11050,-93.60489,910
0,1200,1930,780,1,1950,780,8155,-93.628385,780
2,1909,2002,872,1,2002,872,8726,-93.687675,872
2,1196,1916,1196,1,1990,1196,4800,-93.625297,999
1,1540,1955,1190,1,1955,1040,7150,-93.61245,1040
2,1743,1976,966,0,1976,1743,20064,-93.683612,0
1,1027,1962,1027,1,1962,1027,8000,-93.60597,188
2,1362,2005,1362,0,2006,1362,6289,-93.649798,600
2,1194,1959,655,0,1959,1194,8910,-93.607257,0
2,1950,1997,975,0,1998,975,7399,-93.642182,326
1,1600,1957,1484,0,1997,1600,16321,-93.605727,207
1,1141,1900,570,1,1950,761,5925,-93.606842,0
2,1478,2009,1470,0,2009,1478,4403,-93.6468879,892
2,2610,2007,1184,0,2007,1184,9000,-93.647933,1120
3,2084,2007,2078,0,2008,2084,14803,-93.652941,442
2,2080,1969,1040,0,1969,1040,11606,-93.605388,390
2,1576,2006,770,1,2006,778,8125,-93.64357,770
2,1682,1997,1664,0,1997,1682,6264,-93.633781,1008
3,1973,2006,1935,0,2006,1973,14226,-93.6562861,1935
3,2332,2004,1148,0,2004,1170,10574,-93.654443,292
0,892,1923,858,1,1950,892,5160,-93.625154,46
2,1488,1950,1488,0,1950,1488,47280,-93.6225667,1488
2,1373,1978,1319,0,1978,1373,7424,-93.671511,0
3,1651,2007,1643,0,2007,1651,10235,-93.691015,1643
1,1339,1958,1029,1,1965,1339,7560,-93.606889,525
2,2288,1977,908,0,1992,1316,13774,-93.637964,476
2,1772,1910,725,1,1999,909,10337,-93.618662,725
2,1716,1915,810,1,2004,1170,9144,-93.625539,810
1,1210,1941,672,1,2006,832,5000,-93.625584,72
2,1430,2000,384,0,2000,774,7750,-93.641325,134
2,1167,1920,915,0,1950,1167,8731,-93.627605,270
1,1529,1945,0,1,1950,1088,8405,-93.6644556,0
2,1632,1967,1632,1,1967,1632,25000,-93.6072813,1632
2,988,1969,938,0,1969,988,21453,-93.682095,0
2,1676,1977,1160,0,1994,1676,33983,-93.60678,48
2,1664,1947,1004,0,1950,1004,5000,-93.625576,605
1,1218,1972,672,1,1972,672,1680,-93.627366,355
1,1092,1962,1092,0,1962,1092,11616,-93.666432,252
1,1378,1935,901,1,1998,861,4080,-93.619013,901
1,987,1971,483,1,1971,483,1680,-93.627271,327
2,1301,2006,1293,0,2006,1301,7200,-93.643977,1293
1,838,1918,816,1,2000,838,10267,-93.625623,0
2,894,1954,894,1,1954,894,9450,-93.665875,342
2,1484,2005,783,0,2007,783,10237,-93.645875,783
2,2614,1974,1522,0,1997,1548,10800,-93.631245,384
1,1056,1958,1056,1,1992,1056,8176,-93.617521,210
0,666,1946,666,1,1950,666,5000,-93.629545,367
3,1646,2006,1638,0,2007,1646,10656,-93.650417,1638
2,1032,1980,516,0,1980,516,1879,-93.645743,150
1,816,1922,816,1,1950,816,3672,-93.625313,816
2,1280,1992,1280,1,1992,1280,5005,-93.633826,1017
1,1128,1954,936,1,1954,1128,9000,-93.6181153,124
2,1370,2006,1370,0,2006,1370,7132,-93.649447,1346
2,1770,1968,900,1,1968,884,8640,-93.626097,56
0,1020,1875,780,1,1996,780,6342,-93.672036,780
1,1178,1900,859,1,1950,859,8712,-93.606593,859
0,784,1955,784,1,1955,784,6931,-93.661895,0
3,1939,1998,1054,0,1998,1070,11250,-93.681479,258
1,1836,1900,686,1,1950,1150,56600,-93.577427,686
2,1716,2005,858,1,2005,858,8125,-93.642374,858
0,1100,2006,1100,1,2007,1100,7500,-93.69179,1100
2,1904,2005,1058,0,2005,1058,10927,-93.650626,512
1,407,1946,407,1,1950,407,7311,-93.606764,407
1,1361,1895,173,1,1950,825,5280,-93.615426,173
2,1734,2005,1734,1,2005,1734,11645,-93.689067,434
2,1290,2007,1282,0,2007,1290,6762,-93.691433,380
3,1575,2003,1603,0,2004,1575,10845,-93.651216,454
1,1383,1954,1383,0,1954,1383,13284,-93.665356,319
2,1097,1994,1097,1,1995,1097,10859,-93.691585,1097
1,1577,1939,972,0,1950,972,6435,-93.626022,972
1,1268,1949,832,0,1950,1036,12144,-93.609059,457
3,2656,2007,1934,0,2007,1943,13641,-93.6566568,630
3,2589,2006,1738,0,2006,1738,16387,-93.658413,369
1,894,1960,894,1,1960,894,8680,-93.62144,894
1,1374,1938,884,1,1950,932,9260,-93.639497,884
2,1848,1923,833,0,2000,1053,13053,-93.627,833
2,1479,1976,725,1,2005,725,13517,-93.65921,192
2,1218,2007,1218,1,2008,1218,7500,-93.644018,316
3,2541,2005,1149,0,2005,1164,12328,-93.629075,163
1,1224,1926,818,1,2004,818,3950,-93.6179738,350
0,698,1947,698,1,2008,698,9405,-93.664779,698
3,2364,2009,2330,0,2010,2364,12919,-93.655051,142
0,1175,2005,1175,1,2006,1175,13072,-93.691836,1095
2,1764,1999,850,0,2000,886,11690,-93.683856,850
3,1933,2007,894,0,2007,894,14598,-93.644145,894
3,3608,1892,1107,0,1993,1518,22950,-93.610438,1107
1,833,1954,833,1,2000,833,5400,-93.6133726,418
1,1238,1950,864,0,1950,1238,7200,-93.607963,432
2,1287,1992,624,1,1992,624,10429,-93.606925,294
3,2338,2006,2660,0,2007,2338,51974,-93.626366,1559
2,1554,2006,1554,0,2006,1554,4590,-93.649319,1530
3,1498,2005,1498,0,2006,1498,11645,-93.689066,1474
2,1908,2002,967,1,2002,993,14191,-93.646814,967
1,1647,1953,1105,0,1953,1647,9532,-93.618606,156
2,1724,2003,796,0,2004,806,7162,-93.672379,796
2,1680,1988,880,0,2007,1680,21695,-93.643947,72
2,1595,1991,1582,1,1991,1595,11070,-93.602424,1527
2,1242,1973,1242,0,1973,1242,9600,-93.631302,326
2,1074,1975,1056,1,1975,1074,10140,-93.630348,268
1,894,1966,894,1,1966,894,7094,-93.676953,340
3,2698,2006,1850,0,2006,1850,16052,-93.627767,644
2,1226,1951,0,0,1951,1226,13108,-93.641948,0
2,1337,1993,1337,0,1993,1337,5395,-93.633905,604
1,925,1961,0,1,1961,925,7000,-93.606746,0
1,1160,1968,1113,1,1968,1160,17979,-93.601444,328
1,987,1973,483,1,1973,483,1680,-93.627629,153
2,1790,1972,732,0,1972,1012,10400,-93.630258,485
